term,Description,GeneRatio,BgRatio,pvalue,p.adjust,qvalue,geneID,Count
GO:0003777,microtubule motor activity,12/77,77/18352,3.59418E-16,6.82895E-14,5.52369E-14,KIF27/KIF2A/KIF3A/KIF3B/KIF3C/KIF5A/KIF5B/KIF5C/KIF7/KIF9/KLC2/KLC3,12
GO:0003774,motor activity,12/77,132/18352,2.84882E-13,2.70638E-11,2.18909E-11,KIF27/KIF2A/KIF3A/KIF3B/KIF3C/KIF5A/KIF5B/KIF5C/KIF7/KIF9/KLC2/KLC3,12
GO:0008017,microtubule binding,13/77,265/18352,7.14093E-11,4.52259E-09,3.65816E-09,KIF27/KIF2A/KIF3A/KIF3B/KIF3C/KIF5A/KIF5B/KIF5C/KIF7/KIF9/KLC3/NDE1/PAFAH1B1,13
GO:0015631,tubulin binding,14/77,365/18352,3.19626E-10,1.51822E-08,1.22804E-08,HTT/KIF27/KIF2A/KIF3A/KIF3B/KIF3C/KIF5A/KIF5B/KIF5C/KIF7/KIF9/KLC3/NDE1/PAFAH1B1,14
GO:0008574,"ATP-dependent microtubule motor activity, plus-end-directed",5/77,16/18352,4.80151E-09,1.82457E-07,1.47583E-07,KIF3A/KIF3B/KIF5A/KIF5B/KIF5C,5
GO:0016887,ATPase activity,13/77,423/18352,2.07886E-08,6.58306E-07,5.3248E-07,DDX6/HSP90AA1/HSPA8/KIF27/KIF2A/KIF3A/KIF3B/KIF3C/KIF5A/KIF5B/KIF5C/KIF7/KIF9,13
GO:0004114,"3',5'-cyclic-nucleotide phosphodiesterase activity",5/77,23/18352,3.61506E-08,9.81231E-07,7.93683E-07,PDE1C/PDE4C/PDE6A/PDE6B/PDE6G,5
GO:0004112,cyclic-nucleotide phosphodiesterase activity,5/77,25/18352,5.67075E-08,1.3468E-06,1.08938E-06,PDE1C/PDE4C/PDE6A/PDE6B/PDE6G,5
GO:1990939,ATP-dependent microtubule motor activity,5/77,34/18352,2.88374E-07,6.0879E-06,4.92429E-06,KIF3A/KIF3B/KIF5A/KIF5B/KIF5C,5
GO:0023026,MHC class II protein complex binding,4/77,16/18352,5.01731E-07,9.53289E-06,7.71081E-06,HSP90AA1/HSP90AB1/HSPA8/YWHAE,4
GO:0023023,MHC protein complex binding,4/77,25/18352,3.38881E-06,5.8534E-05,4.7346E-05,HSP90AA1/HSP90AB1/HSPA8/YWHAE,4
GO:0045296,cadherin binding,9/77,332/18352,1.01936E-05,0.000161399,0.00013055,CSNK1D/CTNNB1/DDX6/HSP90AB1/HSPA8/KIF5B/KLC2/YWHAB/YWHAE,9
GO:0044325,ion channel binding,6/77,132/18352,1.92761E-05,0.000281727,0.000227879,YWHAQ/CTNNB1/HSP90AB1/HTT/PANX1/YWHAE,6
GO:0019894,kinesin binding,4/77,43/18352,3.12213E-05,0.000423718,0.00034273,KIF5A/KIFAP3/KLC2/KLC3,4
GO:0008081,phosphoric diester hydrolase activity,5/77,89/18352,3.5943E-05,0.000455278,0.000368258,PDE1C/PDE4C/PDE6A/PDE6B/PDE6G,5
GO:0097718,disordered domain specific binding,3/77,36/18352,0.000458967,0.005450235,0.0044085,CTNNB1/HSP90AA1/HSP90AB1,3
GO:0034452,dynactin binding,2/77,12/18352,0.001116019,0.011780196,0.00952858,HTT/PAFAH1B1,2
GO:0047555,"3',5'-cyclic-GMP phosphodiesterase activity",2/77,12/18352,0.001116019,0.011780196,0.00952858,PDE1C/PDE6G,2
GO:0042826,histone deacetylase binding,4/77,115/18352,0.001392485,0.013924848,0.011263312,HSP90AA1/HSP90AB1/YWHAB/YWHAE,4
GO:0097110,scaffold protein binding,3/77,60/18352,0.002046529,0.019442028,0.015725962,HSP90AA1/PANX1/YWHAE,3
GO:0070182,DNA polymerase binding,2/77,20/18352,0.003143692,0.028442928,0.023006468,HSP90AA1/HSP90AB1,2
GO:0019903,protein phosphatase binding,4/77,149/18352,0.003568691,0.030820516,0.024929614,CTNNB1/KIF3A/KIFAP3/PARD3,4
GO:0042578,phosphoric ester hydrolase activity,6/77,369/18352,0.004534372,0.037457853,0.030298319,PALD1/PDE1C/PDE4C/PDE6A/PDE6B/PDE6G,6
GO:0051219,phosphoprotein binding,3/77,85/18352,0.005480847,0.043307702,0.035030053,PAFAH1B1/YWHAB/YWHAE,3
GO:0044183,protein folding chaperone,2/77,27/18352,0.005698382,0.043307702,0.035030053,HSP90AB1/HSPA8,2
GO:0030507,spectrin binding,2/77,28/18352,0.006120125,0.044723988,0.036175635,KIF3A/PDE6G,2
GO:0022829,wide pore channel activity,2/77,30/18352,0.00700498,0.04753379,0.038448384,PANX1/PANX2,2
GO:0045505,dynein intermediate chain binding,2/77,30/18352,0.00700498,0.04753379,0.038448384,HTT/PAFAH1B1,2
GO:0008022,protein C-terminus binding,4/77,189/18352,0.008220069,0.053855625,0.04356189,YWHAQ/CTNNB1/PCGF1/YWHAB,4
GO:0019902,phosphatase binding,4/77,194/18352,0.008990849,0.056942046,0.046058387,CTNNB1/KIF3A/KIFAP3/PARD3,4
GO:0005516,calmodulin binding,4/77,200/18352,0.009976396,0.061145651,0.049458533,PCNT/PCP4/PCYT1A/PDE1C,4
GO:0051082,unfolded protein binding,3/77,118/18352,0.013424434,0.07970758,0.064472613,HSP90AA1/HSP90AB1/HSPA8,3
GO:0048156,tau protein binding,2/77,45/18352,0.015309751,0.088147051,0.071299,HSP90AA1/HSP90AB1,2
GO:0031072,heat shock protein binding,3/77,127/18352,0.016324988,0.091227875,0.073790968,HSP90AB1/HSPA8/HTT,3
GO:0045309,protein phosphorylated amino acid binding,2/77,53/18352,0.020856313,0.113219987,0.091579602,YWHAB/YWHAE,2
GO:0005080,protein kinase C binding,2/77,55/18352,0.022355394,0.117986804,0.09543531,PARD6A/YWHAG,2
GO:0001664,G protein-coupled receptor binding,4/77,293/18352,0.034749491,0.178443332,0.144336434,DEFB1/HSPA8/NDP/PALM,4
GO:0031625,ubiquitin protein ligase binding,4/77,297/18352,0.03624573,0.18122865,0.146589379,HSP90AA1/HSP90AB1/HSPA8/YWHAE,4
GO:0045294,alpha-catenin binding,1/77,10/18352,0.041183802,0.19562306,0.158232503,CTNNB1,1
GO:0070016,armadillo repeat domain binding,1/77,10/18352,0.041183802,0.19562306,0.158232503,CTNNBIP1,1
GO:0044389,ubiquitin-like protein ligase binding,4/77,316/18352,0.043858404,0.203246262,0.164398638,HSP90AA1/HSP90AB1/HSPA8/YWHAE,4
GO:0005522,profilin binding,1/77,11/18352,0.045208927,0.204516576,0.16542615,HTT,1
GO:0004115,"3',5'-cyclic-AMP phosphodiesterase activity",1/77,12/18352,0.049217374,0.214199375,0.17325822,PDE4C,1
GO:0008013,beta-catenin binding,2/77,85/18352,0.049604066,0.214199375,0.17325822,CTNNB1/CTNNBIP1,2
GO:0005871,kinesin complex,16/76,51/19559,3.22217E-27,6.76655E-25,4.68062E-25,KIF27/KIF2A/KIF3A/KIF3B/KIF3C/KIF5A/KIF5B/KIF5C/KIF7/KIF9/KIFAP3/KLC2/KLC3/NDE1/PAFAH1B1/YWHAE,16
GO:0005875,microtubule associated complex,16/76,159/19559,1.19931E-18,1.25927E-16,8.71077E-17,KIF27/KIF2A/KIF3A/KIF3B/KIF3C/KIF5A/KIF5B/KIF5C/KIF7/KIF9/KIFAP3/KLC2/KLC3/NDE1/PAFAH1B1/YWHAE,16
GO:0005874,microtubule,18/76,431/19559,4.09303E-14,2.86512E-12,1.98189E-12,CSNK1D/KIF27/KIF2A/KIF3A/KIF3B/KIF3C/KIF5A/KIF5B/KIF5C/KIF7/KIF9/KIFAP3/KLC2/KLC3/NDE1/PAFAH1B1/PARP4/PCNT,18
GO:0005876,spindle microtubule,7/76,66/19559,6.53646E-09,3.43164E-07,2.37377E-07,CSNK1D/KIF2A/KIF3A/KIF3B/KIFAP3/PAFAH1B1/PARP4,7
GO:0035253,ciliary rootlet,4/76,11/19559,6.80337E-08,2.61893E-06,1.81159E-06,KIF5A/KIF5B/KIF5C/KLC3,4
GO:0044295,axonal growth cone,5/76,29/19559,8.55721E-08,2.61893E-06,1.81159E-06,HSP90AA1/HSP90AB1/KIF5B/KIF5C/PARD3,5
GO:1904115,axon cytoplasm,6/76,57/19559,8.72978E-08,2.61893E-06,1.81159E-06,KIF3A/KIF3B/KIF5A/KIF5B/KIF5C/PAFAH1B1,6
GO:0097733,photoreceptor cell cilium,7/76,117/19559,3.5554E-07,9.33292E-06,6.45585E-06,KIFAP3/PCDH15/PCDHB15/PDC/PDE6A/PDE6B/PDE6G,7
GO:0097542,ciliary tip,5/76,46/19559,9.38206E-07,2.18154E-05,1.50904E-05,KIF3A/KIF3B/KIF3C/KIF7/KIFAP3,5
GO:0120111,neuron projection cytoplasm,6/76,87/19559,1.10797E-06,2.18154E-05,1.50904E-05,KIF3A/KIF3B/KIF5A/KIF5B/KIF5C/PAFAH1B1,6
GO:0097731,9+0 non-motile cilium,7/76,139/19559,1.14271E-06,2.18154E-05,1.50904E-05,KIFAP3/PCDH15/PCDHB15/PDC/PDE6A/PDE6B/PDE6G,7
GO:0097730,non-motile cilium,7/76,167/19559,3.88688E-06,6.80204E-05,4.70517E-05,KIFAP3/PCDH15/PCDHB15/PDC/PDE6A/PDE6B/PDE6G,7
GO:0099568,cytoplasmic region,8/76,254/19559,6.37665E-06,0.000103008,7.12533E-05,CTNNB1/KIF3A/KIF3B/KIF5A/KIF5B/KIF5C/KIFAP3/PAFAH1B1,8
GO:0030426,growth cone,7/76,184/19559,7.3566E-06,0.000110349,7.63316E-05,HSP90AA1/HSP90AB1/KIF5B/KIF5C/PAFAH1B1/PARD3/YWHAE,7
GO:0030427,site of polarized growth,7/76,191/19559,9.38978E-06,0.000131457,9.09326E-05,HSP90AA1/HSP90AB1/KIF5B/KIF5C/PAFAH1B1/PARD3/YWHAE,7
GO:0030877,beta-catenin destruction complex,3/76,12/19559,1.2095E-05,0.000151991,0.000105137,CSNK1A1/CTNNB1/CTNNBIP1,3
GO:0005819,spindle,9/76,367/19559,1.23041E-05,0.000151991,0.000105137,CSNK1D/CTNNB1/KIF2A/KIF3A/KIF3B/KIFAP3/NDE1/PAFAH1B1/PARP4,9
GO:0032838,plasma membrane bounded cell projection cytoplasm,7/76,211/19559,1.79143E-05,0.000209,0.000144572,KIF3A/KIF3B/KIF5A/KIF5B/KIF5C/KIFAP3/PAFAH1B1,7
GO:0001750,photoreceptor outer segment,5/76,89/19559,2.49479E-05,0.00027574,0.000190737,PCDH15/PDC/PDE6A/PDE6B/PDE6G,5
GO:0150034,distal axon,8/76,309/19559,2.63168E-05,0.000276327,0.000191143,HSP90AA1/HSP90AB1/HSPA8/KIF5B/KIF5C/PAFAH1B1/PARD3/YWHAE,8
GO:0042622,photoreceptor outer segment membrane,3/76,17/19559,3.68648E-05,0.000368648,0.000255005,PDE6A/PDE6B/PDE6G,3
GO:0042470,melanosome,5/76,105/19559,5.53016E-05,0.000504927,0.000349273,HSP90AA1/HSP90AB1/HSPA8/YWHAB/YWHAE,5
GO:0048770,pigment granule,5/76,105/19559,5.53016E-05,0.000504927,0.000349273,HSP90AA1/HSP90AB1/HSPA8/YWHAB/YWHAE,5
GO:0097381,photoreceptor disc membrane,3/76,24/19559,0.0001076,0.0009415,0.000651263,PDE6A/PDE6B/PDE6G,3
GO:0031514,motile cilium,6/76,199/19559,0.000124445,0.001045335,0.000723089,DDX6/DEFB1/KIF2A/KLC3/PAFAH1B1/ZBBX,6
GO:0005814,centriole,5/76,143/19559,0.000237143,0.001915387,0.001324929,HTT/KIF2A/KIF3A/PCM1/PCNT,5
GO:0032839,dendrite cytoplasm,3/76,34/19559,0.00030936,0.002406131,0.001664391,KIF5A/KIF5B/KIF5C,3
GO:0036064,ciliary basal body,5/76,155/19559,0.000344116,0.002580868,0.001785262,CSNK1A1/CSNK1D/KIF7/KIFAP3/PCM1,5
GO:0034451,centriolar satellite,4/76,95/19559,0.000512796,0.003713347,0.002568631,KIF5B/PARD6A/PCM1/PCNT,4
GO:0044292,dendrite terminus,2/76,13/19559,0.001130444,0.00791311,0.00547373,HSP90AA1/HSP90AB1,2
GO:0061827,sperm head,2/76,14/19559,0.001315535,0.008574673,0.005931353,DDX6/HSP90AB1,2
GO:0099523,presynaptic cytosol,2/76,14/19559,0.001315535,0.008574673,0.005931353,HSPA8/HTT,2
GO:0101002,ficolin-1-rich granule,4/76,124/19559,0.00138828,0.008574673,0.005931353,HSP90AA1/HSP90AB1/HSPA8/PDAP1,4
GO:1904813,ficolin-1-rich granule lumen,4/76,124/19559,0.00138828,0.008574673,0.005931353,HSP90AA1/HSP90AB1/HSPA8/PDAP1,4
GO:0099524,postsynaptic cytosol,2/76,18/19559,0.002189684,0.012851326,0.008889639,HSPA8/HTT,2
GO:0031253,cell projection membrane,6/76,344/19559,0.002203085,0.012851326,0.008889639,CTNNB1/HSP90AB1/PALM/PDE6A/PDE6B/PDE6G,6
GO:0035869,ciliary transition zone,3/76,68/19559,0.002356927,0.013377154,0.00925337,KIFAP3/PCDHB15/PCM1,3
GO:0060170,ciliary membrane,3/76,74/19559,0.002998298,0.016569544,0.01146164,PDE6A/PDE6B/PDE6G,3
GO:0016234,inclusion body,3/76,78/19559,0.003479926,0.018738065,0.012961669,HSP90AB1/HTT/KLF8,3
GO:0099522,region of cytosol,2/76,25/19559,0.004218652,0.02160773,0.014946701,HSPA8/HTT,2
GO:0101031,chaperone complex,2/76,25/19559,0.004218652,0.02160773,0.014946701,HSP90AB1/HSPA8,2
GO:0005925,focal adhesion,6/76,415/19559,0.005514571,0.027572857,0.019072954,YWHAQ/CTNNB1/HSPA8/YWHAB/YWHAE/YWHAG,6
GO:0030055,cell-substrate junction,6/76,423/19559,0.006039781,0.029496604,0.020403666,YWHAQ/CTNNB1/HSPA8/YWHAB/YWHAE/YWHAG,6
GO:0005921,gap junction,2/76,32/19559,0.006853491,0.032709842,0.022626357,PANX1/PANX2,2
GO:0036126,sperm flagellum,3/76,115/19559,0.010196369,0.047508151,0.032862781,DDX6/DEFB1/KIF2A,3
GO:0032391,photoreceptor connecting cilium,2/76,40/19559,0.010564094,0.047508151,0.032862781,KIFAP3/PCDHB15,2
GO:0098858,actin-based cell projection,4/76,220/19559,0.010632777,0.047508151,0.032862781,CTNNB1/PAFAH1B1/PALM/PCDH15,4
GO:0097729,9+2 motile cilium,3/76,120/19559,0.011439167,0.050046358,0.034618533,DDX6/DEFB1/KIF2A,3
GO:0005923,bicellular tight junction,3/76,122/19559,0.011959691,0.05125582,0.035455153,CTNNB1/PARD3/PARD6A,3
GO:0070160,tight junction,3/76,129/19559,0.013887877,0.058329084,0.040347938,CTNNB1/PARD3/PARD6A,3
GO:0000776,kinetochore,3/76,137/19559,0.016296049,0.067101379,0.046415991,CSNK1A1/NDE1/PAFAH1B1,3
GO:0043296,apical junction complex,3/76,143/19559,0.018246668,0.073688468,0.050972474,CTNNB1/PARD3/PARD6A,3
GO:0032420,stereocilium,2/76,54/19559,0.018716035,0.074157875,0.051297177,PAFAH1B1/PCDH15,2
GO:0032421,stereocilium bundle,2/76,59/19559,0.022101601,0.08595067,0.059454599,PAFAH1B1/PCDH15,2
GO:0005770,late endosome,4/76,278/19559,0.023068867,0.088081128,0.060928299,HSPA8/HTT/NDFIP2/PARM1,4
GO:0098862,cluster of actin-based cell projections,3/76,159/19559,0.024058362,0.090218859,0.062407031,HSP90AB1/PAFAH1B1/PCDH15,3
GO:0000922,spindle pole,3/76,165/19559,0.026467066,0.096469332,0.066730666,CTNNB1/KIF2A/NDE1,3
GO:0045177,apical part of cell,5/76,433/19559,0.026643911,0.096469332,0.066730666,CTNNB1/HSP90AB1/PARD3/PARD6A/PCM1,5
GO:0005938,cell cortex,4/76,305/19559,0.030991696,0.110309428,0.076304266,CTNNB1/PAFAH1B1/PARD3/PARD6A,4
GO:0005916,fascia adherens,1/76,10/19559,0.038192987,0.133675454,0.092467232,CTNNB1,1
GO:0000775,"chromosome, centromeric region",3/76,196/19559,0.040889096,0.135473172,0.093710766,CSNK1A1/NDE1/PAFAH1B1,3
GO:0000235,astral microtubule,1/76,11/19559,0.041932172,0.135473172,0.093710766,PAFAH1B1,1
GO:0005818,aster,1/76,11/19559,0.041932172,0.135473172,0.093710766,PAFAH1B1,1
GO:0097470,ribbon synapse,1/76,11/19559,0.041932172,0.135473172,0.093710766,HSPA8,1
GO:1990907,beta-catenin-TCF complex,1/76,11/19559,0.041932172,0.135473172,0.093710766,CTNNB1,1
GO:0005911,cell-cell junction,5/76,493/19559,0.042839405,0.136307196,0.094287685,CTNNB1/PANX1/PANX2/PARD3/PARD6A,5
GO:0060198,clathrin-sculpted vesicle,1/76,12/19559,0.045657011,0.140999594,0.097533554,HSPA8,1
GO:1990909,Wnt signalosome,1/76,12/19559,0.045657011,0.140999594,0.097533554,CTNNB1,1
GO:0000974,Prp19 complex,1/76,13/19559,0.049367559,0.143988713,0.099601215,HSPA8,1
GO:0001741,XY body,1/76,13/19559,0.049367559,0.143988713,0.099601215,PBX4,1
GO:0032585,multivesicular body membrane,1/76,13/19559,0.049367559,0.143988713,0.099601215,NDFIP2,1
GO:0033391,chromatoid body,1/76,13/19559,0.049367559,0.143988713,0.099601215,DDX6,1
GO:0007018,microtubule-based movement,20/76,368/18866,1.53199E-17,2.33629E-14,1.86903E-14,DEFB1/HSPA8/HTT/KIF27/KIF2A/KIF3A/KIF3B/KIF3C/KIF5A/KIF5B/KIF5C/KIF7/KIF9/KIFAP3/KLC2/KLC3/NDE1/PAFAH1B1/PCM1/ZBBX,20
GO:0099111,microtubule-based transport,14/76,190/18866,2.71279E-14,2.0685E-11,1.6548E-11,HSPA8/HTT/KIF27/KIF3A/KIF3B/KIF3C/KIF5A/KIF5B/KIF5C/KIFAP3/KLC3/NDE1/PAFAH1B1/PCM1,14
GO:0010970,transport along microtubule,13/76,161/18866,7.48668E-14,3.80573E-11,3.04458E-11,HSPA8/HTT/KIF3A/KIF3B/KIF3C/KIF5A/KIF5B/KIF5C/KIFAP3/KLC3/NDE1/PAFAH1B1/PCM1,13
GO:0030705,cytoskeleton-dependent intracellular transport,13/76,200/18866,1.22763E-12,4.68032E-10,3.74426E-10,HSPA8/HTT/KIF3A/KIF3B/KIF3C/KIF5A/KIF5B/KIF5C/KIFAP3/KLC3/NDE1/PAFAH1B1/PCM1,13
GO:0047496,vesicle transport along microtubule,8/76,49/18866,1.87567E-11,5.72079E-09,4.57663E-09,HTT/KIF3A/KIF3B/KIF5A/KIF5B/KIFAP3/NDE1/PAFAH1B1,8
GO:0060271,cilium assembly,15/76,377/18866,2.30308E-11,5.85365E-09,4.68292E-09,CSNK1D/CSNK1E/HSP90AA1/HTT/KIF27/KIF3A/KIF3B/KIF3C/KIFAP3/NDE1/PAFAH1B1/PCM1/PCNT/YWHAE/YWHAG,15
GO:0044782,cilium organization,15/76,397/18866,4.77021E-11,1.03923E-08,8.3138E-09,CSNK1D/CSNK1E/HSP90AA1/HTT/KIF27/KIF3A/KIF3B/KIF3C/KIFAP3/NDE1/PAFAH1B1/PCM1/PCNT/YWHAE/YWHAG,15
GO:0072384,organelle transport along microtubule,9/76,85/18866,5.52109E-11,1.05246E-08,8.41967E-09,HTT/KIF3A/KIF3B/KIF3C/KIF5A/KIF5B/KIFAP3/NDE1/PAFAH1B1,9
GO:0051648,vesicle localization,12/76,229/18866,1.19956E-10,2.03259E-08,1.62607E-08,CSNK1D/CTNNB1/HTT/KIF3A/KIF3B/KIF5A/KIF5B/KIF5C/KIFAP3/NDE1/PAFAH1B1/PCDH17,12
GO:0097711,ciliary basal body-plasma membrane docking,9/76,95/18866,1.52587E-10,2.32696E-08,1.86157E-08,CSNK1D/CSNK1E/HSP90AA1/NDE1/PAFAH1B1/PCM1/PCNT/YWHAE/YWHAG,9
GO:0098840,protein transport along microtubule,8/76,68/18866,2.89243E-10,3.6758E-08,2.94064E-08,KIF3A/KIF3B/KIF3C/KIF5A/KIF5B/KIF5C/KIFAP3/PCM1,8
GO:0099118,microtubule-based protein transport,8/76,68/18866,2.89243E-10,3.6758E-08,2.94064E-08,KIF3A/KIF3B/KIF3C/KIF5A/KIF5B/KIF5C/KIFAP3/PCM1,8
GO:0008088,axo-dendritic transport,8/76,70/18866,3.67028E-10,4.30552E-08,3.44442E-08,HSPA8/KIF3A/KIF3B/KIF5A/KIF5B/KIF5C/KLC3/PAFAH1B1,8
GO:0099518,vesicle cytoskeletal trafficking,8/76,75/18866,6.45475E-10,7.03106E-08,5.62485E-08,HTT/KIF3A/KIF3B/KIF5A/KIF5B/KIFAP3/NDE1/PAFAH1B1,8
GO:0051650,establishment of vesicle localization,11/76,212/18866,8.41071E-10,8.55088E-08,6.84071E-08,CSNK1D/CTNNB1/HTT/KIF3A/KIF3B/KIF5A/KIF5B/KIF5C/KIFAP3/NDE1/PAFAH1B1,11
GO:0051656,establishment of organelle localization,14/76,432/18866,1.66651E-09,1.5884E-07,1.27072E-07,CSNK1D/CTNNB1/HTT/KIF3A/KIF3B/KIF3C/KIF5A/KIF5B/KIF5C/KIFAP3/NDE1/PAFAH1B1/PARD3/PCM1,14
GO:0006890,"retrograde vesicle-mediated transport, Golgi to endoplasmic reticulum",8/76,87/18866,2.1511E-09,1.92966E-07,1.54373E-07,HTT/KIF2A/KIF3A/KIF3B/KIF3C/KIF5A/KIFAP3/KLC2,8
GO:0140056,organelle localization by membrane tethering,9/76,171/18866,2.83007E-08,2.3977E-06,1.91816E-06,CSNK1D/CSNK1E/HSP90AA1/NDE1/PAFAH1B1/PCM1/PCNT/YWHAE/YWHAG,9
GO:0022406,membrane docking,9/76,180/18866,4.41022E-08,3.53979E-06,2.83183E-06,CSNK1D/CSNK1E/HSP90AA1/NDE1/PAFAH1B1/PCM1/PCNT/YWHAE/YWHAG,9
GO:0010389,regulation of G2/M transition of mitotic cell cycle,9/76,200/18866,1.08979E-07,8.30965E-06,6.64772E-06,CSNK1D/CSNK1E/HSP90AA1/NDE1/PAFAH1B1/PCM1/PCNT/YWHAE/YWHAG,9
GO:0098930,axonal transport,6/76,59/18866,1.32969E-07,9.65608E-06,7.72486E-06,KIF3A/KIF3B/KIF5A/KIF5B/KIF5C/PAFAH1B1,6
GO:0019886,antigen processing and presentation of exogenous peptide antigen via MHC class II,7/76,99/18866,1.43735E-07,9.96346E-06,7.97077E-06,KIF2A/KIF3A/KIF3B/KIF3C/KIF5A/KIFAP3/KLC2,7
GO:0002495,antigen processing and presentation of peptide antigen via MHC class II,7/76,103/18866,1.88864E-07,1.25225E-05,1.0018E-05,KIF2A/KIF3A/KIF3B/KIF3C/KIF5A/KIFAP3/KLC2,7
GO:0002504,antigen processing and presentation of peptide or polysaccharide antigen via MHC class II,7/76,104/18866,2.01845E-07,1.28256E-05,1.02605E-05,KIF2A/KIF3A/KIF3B/KIF3C/KIF5A/KIFAP3/KLC2,7
GO:1902749,regulation of cell cycle G2/M phase transition,9/76,217/18866,2.1817E-07,1.33084E-05,1.06467E-05,CSNK1D/CSNK1E/HSP90AA1/NDE1/PAFAH1B1/PCM1/PCNT/YWHAE/YWHAG,9
GO:0035735,intraciliary transport involved in cilium assembly,5/76,40/18866,5.47146E-07,3.20922E-05,2.56738E-05,KIF3A/KIF3B/KIF3C/KIFAP3/PCM1,5
GO:0090316,positive regulation of intracellular protein transport,8/76,182/18866,6.93022E-07,3.91429E-05,3.13143E-05,YWHAQ/HSP90AB1/KIF5B/PCM1/PCNT/YWHAB/YWHAE/YWHAG,8
GO:0000086,G2/M transition of mitotic cell cycle,9/76,254/18866,8.19019E-07,4.46073E-05,3.56858E-05,CSNK1D/CSNK1E/HSP90AA1/NDE1/PAFAH1B1/PCM1/PCNT/YWHAE/YWHAG,9
GO:0051204,protein insertion into mitochondrial membrane,5/76,45/18866,1.00011E-06,5.25918E-05,4.20735E-05,YWHAQ/HSP90AA1/YWHAB/YWHAE/YWHAG,5
GO:0033157,regulation of intracellular protein transport,9/76,264/18866,1.1289E-06,5.73855E-05,4.59084E-05,YWHAQ/HSP90AB1/KIF5B/PARL/PCM1/PCNT/YWHAB/YWHAE/YWHAG,9
GO:0031023,microtubule organizing center organization,7/76,136/18866,1.25156E-06,6.15685E-05,4.92548E-05,CTNNB1/KIF3A/KIF3B/NDE1/PAFAH1B1/PARD6A/PCM1,7
GO:0008089,anterograde axonal transport,5/76,48/18866,1.38853E-06,6.4167E-05,5.13336E-05,KIF3A/KIF3B/KIF5A/KIF5B/KIF5C,5
GO:0051972,regulation of telomerase activity,5/76,48/18866,1.38853E-06,6.4167E-05,5.13336E-05,CTNNB1/HSP90AA1/HSP90AB1/PARM1/PARP4,5
GO:0044839,cell cycle G2/M phase transition,9/76,273/18866,1.48976E-06,6.52987E-05,5.2239E-05,CSNK1D/CSNK1E/HSP90AA1/NDE1/PAFAH1B1/PCM1/PCNT/YWHAE/YWHAG,9
GO:0051222,positive regulation of protein transport,10/76,354/18866,1.51549E-06,6.52987E-05,5.2239E-05,YWHAQ/HSP90AB1/KIF5B/PANX1/PARD6A/PCM1/PCNT/YWHAB/YWHAE/YWHAG,10
GO:0090151,establishment of protein localization to mitochondrial membrane,5/76,49/18866,1.54148E-06,6.52987E-05,5.2239E-05,YWHAQ/HSP90AA1/YWHAB/YWHAE/YWHAG,5
GO:1904951,positive regulation of establishment of protein localization,10/76,370/18866,2.25254E-06,9.19363E-05,7.3549E-05,YWHAQ/HSP90AB1/KIF5B/PANX1/PARD6A/PCM1/PCNT/YWHAB/YWHAE/YWHAG,10
GO:0042073,intraciliary transport,5/76,53/18866,2.29087E-06,9.19363E-05,7.3549E-05,KIF3A/KIF3B/KIF3C/KIFAP3/PCM1,5
GO:0035567,non-canonical Wnt signaling pathway,7/76,151/18866,2.52068E-06,9.85649E-05,7.88519E-05,CSNK1D/CSNK1E/CTNNB1/PARD6A/PDE6A/PDE6B/PDE6G,7
GO:0032388,positive regulation of intracellular transport,8/76,222/18866,3.07274E-06,0.000117148,9.37186E-05,YWHAQ/HSP90AB1/KIF5B/PCM1/PCNT/YWHAB/YWHAE/YWHAG,8
GO:0097479,synaptic vesicle localization,5/76,57/18866,3.30092E-06,0.00012053,9.6424E-05,CTNNB1/KIF5A/KIF5B/KIF5C/PCDH17,5
GO:1900739,regulation of protein insertion into mitochondrial membrane involved in apoptotic signaling pathway,4/76,26/18866,3.39855E-06,0.00012053,9.6424E-05,YWHAQ/YWHAB/YWHAE/YWHAG,4
GO:1900740,positive regulation of protein insertion into mitochondrial membrane involved in apoptotic signaling pathway,4/76,26/18866,3.39855E-06,0.00012053,9.6424E-05,YWHAQ/YWHAB/YWHAE/YWHAG,4
GO:0001844,protein insertion into mitochondrial membrane involved in apoptotic signaling pathway,4/76,30/18866,6.15432E-06,0.000208563,0.00016685,YWHAQ/YWHAB/YWHAE/YWHAG,4
GO:0051642,centrosome localization,4/76,30/18866,6.15432E-06,0.000208563,0.00016685,KIF5B/NDE1/PAFAH1B1/PARD3,4
GO:0051205,protein insertion into membrane,5/76,65/18866,6.35049E-06,0.000210533,0.000168426,YWHAQ/HSP90AA1/YWHAB/YWHAE/YWHAG,5
GO:0061842,microtubule organizing center localization,4/76,31/18866,7.04454E-06,0.000228573,0.000182858,KIF5B/NDE1/PAFAH1B1/PARD3,4
GO:0002478,antigen processing and presentation of exogenous peptide antigen,7/76,177/18866,7.20176E-06,0.000228806,0.000183045,KIF2A/KIF3A/KIF3B/KIF3C/KIF5A/KIFAP3/KLC2,7
GO:0098935,dendritic transport,3/76,10/18866,7.38728E-06,0.00022991,0.000183928,KIF5A/KIF5B/KIF5C,3
GO:1903829,positive regulation of cellular protein localization,9/76,338/18866,8.47955E-06,0.000258626,0.000206901,YWHAQ/HSP90AB1/KIF5B/PARD6A/PCM1/PCNT/YWHAB/YWHAE/YWHAG,9
GO:0019884,antigen processing and presentation of exogenous antigen,7/76,185/18866,9.61577E-06,0.00028753,0.000230024,KIF2A/KIF3A/KIF3B/KIF3C/KIF5A/KIFAP3/KLC2,7
GO:1905383,protein localization to presynapse,3/76,11/18866,1.01281E-05,0.000297025,0.00023762,KIF5A/KIF5B/KIF5C,3
GO:0007098,centrosome cycle,6/76,125/18866,1.12216E-05,0.000318057,0.000254446,CTNNB1/KIF3A/KIF3B/NDE1/PARD6A/PCM1,6
GO:1903747,regulation of establishment of protein localization to mitochondrion,5/76,73/18866,1.12624E-05,0.000318057,0.000254446,YWHAQ/PARL/YWHAB/YWHAE/YWHAG,5
GO:1901030,positive regulation of mitochondrial outer membrane permeabilization involved in apoptotic signaling pathway,4/76,35/18866,1.15804E-05,0.000321093,0.000256875,YWHAQ/YWHAB/YWHAE/YWHAG,4
GO:0051973,positive regulation of telomerase activity,4/76,36/18866,1.29883E-05,0.000348034,0.000278428,CTNNB1/HSP90AA1/HSP90AB1/PARM1,4
GO:0048002,antigen processing and presentation of peptide antigen,7/76,194/18866,1.30984E-05,0.000348034,0.000278428,KIF2A/KIF3A/KIF3B/KIF3C/KIF5A/KIFAP3/KLC2,7
GO:0032386,regulation of intracellular transport,9/76,358/18866,1.34203E-05,0.000348034,0.000278428,YWHAQ/HSP90AB1/KIF5B/PARL/PCM1/PCNT/YWHAB/YWHAE/YWHAG,9
GO:1904953,Wnt signaling pathway involved in midbrain dopaminergic neuron differentiation,3/76,12/18866,1.34649E-05,0.000348034,0.000278428,CSNK1D/CSNK1E/CTNNB1,3
GO:0007223,"Wnt signaling pathway, calcium modulating pathway",4/76,38/18866,1.61769E-05,0.000411163,0.00032893,CTNNB1/PDE6A/PDE6B/PDE6G,4
GO:0099640,axo-dendritic protein transport,3/76,13/18866,1.74537E-05,0.000436342,0.000349074,KIF5A/KIF5B/KIF5C,3
GO:0048193,Golgi vesicle transport,9/76,374/18866,1.89761E-05,0.00046675,0.0003734,CSNK1D/HTT/KIF2A/KIF3A/KIF3B/KIF3C/KIF5A/KIFAP3/KLC2,9
GO:0072655,establishment of protein localization to mitochondrion,6/76,140/18866,2.13999E-05,0.000518014,0.000414411,YWHAQ/HSP90AA1/PARL/YWHAB/YWHAE/YWHAG,6
GO:0031503,protein-containing complex localization,8/76,291/18866,2.21207E-05,0.000522726,0.000418181,KIF3A/KIF3B/KIF3C/KIF5A/KIF5B/KIF5C/KIFAP3/PCM1,8
GO:0030010,establishment of cell polarity,6/76,141/18866,2.22801E-05,0.000522726,0.000418181,HSP90AA1/HSP90AB1/HTT/NDE1/PAFAH1B1/PARD3,6
GO:0070585,protein localization to mitochondrion,6/76,144/18866,2.50974E-05,0.000571246,0.000456997,YWHAQ/HSP90AA1/PARL/YWHAB/YWHAE/YWHAG,6
GO:1902850,microtubule cytoskeleton organization involved in mitosis,6/76,144/18866,2.50974E-05,0.000571246,0.000456997,HTT/KIF2A/KIF3B/NDE1/PAFAH1B1/PCNT,6
GO:0048489,synaptic vesicle transport,4/76,44/18866,2.92112E-05,0.000650894,0.000520715,CTNNB1/KIF5A/KIF5B/KIF5C,4
GO:0007163,establishment or maintenance of cell polarity,7/76,220/18866,2.94503E-05,0.000650894,0.000520715,HSP90AA1/HSP90AB1/HTT/NDE1/PAFAH1B1/PARD3/PARD6A,7
GO:0050953,sensory perception of light stimulus,7/76,222/18866,3.12034E-05,0.000679788,0.000543831,NDP/PCDH15/PDC/PDE6A/PDE6B/PDE6D/PDE6G,7
GO:1901028,regulation of mitochondrial outer membrane permeabilization involved in apoptotic signaling pathway,4/76,45/18866,3.19635E-05,0.000686539,0.000549231,YWHAQ/YWHAB/YWHAE/YWHAG,4
GO:0030901,midbrain development,5/76,91/18866,3.29588E-05,0.000698087,0.000558469,YWHAQ/CSNK1D/CSNK1E/CTNNB1/YWHAE,5
GO:1904948,midbrain dopaminergic neuron differentiation,3/76,17/18866,4.10194E-05,0.000851314,0.000681051,CSNK1D/CSNK1E/CTNNB1,3
GO:0019882,antigen processing and presentation,7/76,232/18866,4.13096E-05,0.000851314,0.000681051,KIF2A/KIF3A/KIF3B/KIF3C/KIF5A/KIFAP3/KLC2,7
GO:0007156,homophilic cell adhesion via plasma membrane adhesion molecules,6/76,168/18866,5.95438E-05,0.001210723,0.000968579,PCDH15/PCDH17/PCDHA13/PCDHA2/PCDHB11/PCDHB15,6
GO:0008090,retrograde axonal transport,3/76,20/18866,6.81721E-05,0.001367928,0.001094342,KIF5A/KIF5B/PAFAH1B1,3
GO:0097345,mitochondrial outer membrane permeabilization,4/76,55/18866,7.09702E-05,0.001405579,0.001124463,YWHAQ/YWHAB/YWHAE/YWHAG,4
GO:1901990,regulation of mitotic cell cycle phase transition,9/76,448/18866,7.71723E-05,0.001508817,0.001207054,CSNK1D/CSNK1E/HSP90AA1/NDE1/PAFAH1B1/PCM1/PCNT/YWHAE/YWHAG,9
GO:2000278,regulation of DNA biosynthetic process,5/76,109/18866,7.82665E-05,0.00151084,0.001208672,CTNNB1/HSP90AA1/HSP90AB1/PARM1/PARP4,5
GO:1903749,positive regulation of establishment of protein localization to mitochondrion,4/76,58/18866,8.74837E-05,0.001667658,0.001334126,YWHAQ/YWHAB/YWHAE/YWHAG,4
GO:0007602,phototransduction,4/76,60/18866,9.99391E-05,0.00188157,0.001505256,PDC/PDE6A/PDE6B/PDE6G,4
GO:1902110,positive regulation of mitochondrial membrane permeability involved in apoptotic process,4/76,61/18866,0.000106627,0.001983009,0.001586408,YWHAQ/YWHAB/YWHAE/YWHAG,4
GO:0010822,positive regulation of mitochondrion organization,5/76,119/18866,0.000118589,0.002170345,0.001736276,YWHAQ/HTT/YWHAB/YWHAE/YWHAG,5
GO:0010821,regulation of mitochondrion organization,6/76,191/18866,0.000120853,0.002170345,0.001736276,YWHAQ/HTT/PARL/YWHAB/YWHAE/YWHAG,6
GO:1902686,mitochondrial outer membrane permeabilization involved in programmed cell death,4/76,63/18866,0.00012097,0.002170345,0.001736276,YWHAQ/YWHAB/YWHAE/YWHAG,4
GO:0021953,central nervous system neuron differentiation,6/76,192/18866,0.000124356,0.002201464,0.001761172,CSNK1D/CSNK1E/CTNNB1/HSP90AA1/HSP90AB1/PAFAH1B1,6
GO:0098742,cell-cell adhesion via plasma-membrane adhesion molecules,7/76,277/18866,0.000125592,0.002201464,0.001761172,KIFAP3/PCDH15/PCDH17/PCDHA13/PCDHA2/PCDHB11/PCDHB15,7
GO:0035794,positive regulation of mitochondrial membrane permeability,4/76,65/18866,0.000136662,0.002368287,0.00189463,YWHAQ/YWHAB/YWHAE/YWHAG,4
GO:1901987,regulation of cell cycle phase transition,9/76,486/18866,0.000142998,0.002450252,0.001960202,CSNK1D/CSNK1E/HSP90AA1/NDE1/PAFAH1B1/PCM1/PCNT/YWHAE/YWHAG,9
GO:1902108,regulation of mitochondrial membrane permeability involved in apoptotic process,4/76,66/18866,0.000145037,0.002457568,0.001966055,YWHAQ/YWHAB/YWHAE/YWHAG,4
GO:0008637,apoptotic mitochondrial changes,5/76,125/18866,0.000149457,0.002504629,0.002003703,YWHAQ/PARL/YWHAB/YWHAE/YWHAG,5
GO:1905710,positive regulation of membrane permeability,4/76,67/18866,0.000153777,0.002549021,0.002039217,YWHAQ/YWHAB/YWHAE/YWHAG,4
GO:1905477,positive regulation of protein localization to membrane,5/76,127/18866,0.000161002,0.002640086,0.002112068,YWHAQ/KIF5B/YWHAB/YWHAE/YWHAG,5
GO:0022400,regulation of rhodopsin mediated signaling pathway,3/76,27/18866,0.000171403,0.002767327,0.002213862,PDE6A/PDE6B/PDE6G,3
GO:2000573,positive regulation of DNA biosynthetic process,4/76,69/18866,0.000172391,0.002767327,0.002213862,CTNNB1/HSP90AA1/HSP90AB1/PARM1,4
GO:0000132,establishment of mitotic spindle orientation,3/76,30/18866,0.000235855,0.003708037,0.00296643,HTT/NDE1/PAFAH1B1,3
GO:0016056,rhodopsin mediated signaling pathway,3/76,30/18866,0.000235855,0.003708037,0.00296643,PDE6A/PDE6B/PDE6G,3
GO:0007601,visual perception,6/76,218/18866,0.000247698,0.003854482,0.003083585,NDP/PDC/PDE6A/PDE6B/PDE6D/PDE6G,6
GO:0009583,detection of light stimulus,4/76,76/18866,0.000250452,0.003857971,0.003086377,PDC/PDE6A/PDE6B/PDE6G,4
GO:0071539,protein localization to centrosome,3/76,31/18866,0.000260371,0.003970657,0.003176525,CSNK1D/PARD6A/PCM1,3
GO:0046902,regulation of mitochondrial membrane permeability,4/76,77/18866,0.000263374,0.003976681,0.003181345,YWHAQ/YWHAB/YWHAE/YWHAG,4
GO:0007006,mitochondrial membrane organization,5/76,142/18866,0.000270777,0.004048386,0.003238709,YWHAQ/HSP90AA1/YWHAB/YWHAE/YWHAG,5
GO:1900034,regulation of cellular response to heat,4/76,79/18866,0.000290644,0.004303226,0.003442581,HSP90AA1/HSP90AB1/HSPA8/YWHAE,4
GO:1905508,protein localization to microtubule organizing center,3/76,33/18866,0.000314213,0.004607443,0.003685955,CSNK1D/PARD6A/PCM1,3
GO:0007603,"phototransduction, visible light",3/76,35/18866,0.000374754,0.005391503,0.004313203,PDE6A/PDE6B/PDE6G,3
GO:0040001,establishment of mitotic spindle localization,3/76,35/18866,0.000374754,0.005391503,0.004313203,HTT/NDE1/PAFAH1B1,3
GO:0021955,central nervous system neuron axonogenesis,3/76,36/18866,0.000407641,0.005750232,0.004600186,HSP90AA1/HSP90AB1/PAFAH1B1,3
GO:0051294,establishment of spindle orientation,3/76,36/18866,0.000407641,0.005750232,0.004600186,HTT/NDE1/PAFAH1B1,3
GO:0006605,protein targeting,8/76,444/18866,0.000411,0.005750232,0.004600186,YWHAQ/HSP90AA1/HSPA8/PARD3/PARL/YWHAB/YWHAE/YWHAG,8
GO:0090559,regulation of membrane permeability,4/76,88/18866,0.000438918,0.00607704,0.004861632,YWHAQ/YWHAB/YWHAE/YWHAG,4
GO:0071542,dopaminergic neuron differentiation,3/76,37/18866,0.000442329,0.00607704,0.004861632,CSNK1D/CSNK1E/CTNNB1,3
GO:0001764,neuron migration,5/76,164/18866,0.000524539,0.007142166,0.005713732,CTNNB1/NDE1/PAFAH1B1/PCM1/YWHAE,5
GO:0021543,pallium development,5/76,173/18866,0.000668364,0.009019958,0.007215966,CTNNB1/KIF5B/NDE1/PAFAH1B1/YWHAE,5
GO:0007409,axonogenesis,8/76,482/18866,0.000705246,0.009278413,0.007422731,HSP90AA1/HSP90AB1/KIF3A/KIF5A/KIF5B/KIF5C/PAFAH1B1/PARD3,8
GO:0034454,microtubule anchoring at centrosome,2/76,10/18866,0.000705768,0.009278413,0.007422731,KIF3A/PCM1,2
GO:1904338,regulation of dopaminergic neuron differentiation,2/76,10/18866,0.000705768,0.009278413,0.007422731,CSNK1D/CSNK1E,2
GO:0006839,mitochondrial transport,6/76,271/18866,0.000783531,0.010201266,0.008161013,YWHAQ/HSP90AA1/PARL/YWHAB/YWHAE/YWHAG,6
GO:0051293,establishment of spindle localization,3/76,45/18866,0.000789344,0.010201266,0.008161013,HTT/NDE1/PAFAH1B1,3
GO:1902414,protein localization to cell junction,4/76,105/18866,0.000854532,0.010586609,0.008469288,KIF3A/KIF5A/KIF5B/KIF5C,4
GO:0032253,dense core granule localization,2/76,11/18866,0.000860354,0.010586609,0.008469288,KIF5A/KIF5B,2
GO:0099519,dense core granule cytoskeletal transport,2/76,11/18866,0.000860354,0.010586609,0.008469288,KIF5A/KIF5B,2
GO:1901950,dense core granule transport,2/76,11/18866,0.000860354,0.010586609,0.008469288,KIF5A/KIF5B,2
GO:2000574,regulation of microtubule motor activity,2/76,11/18866,0.000860354,0.010586609,0.008469288,NDE1/PAFAH1B1,2
GO:0007051,spindle organization,5/76,183/18866,0.000860813,0.010586609,0.008469288,CSNK1D/KIF2A/KIF3B/KIZ/PCNT,5
GO:0062237,protein localization to postsynapse,3/76,48/18866,0.000953823,0.011544284,0.009235427,KIF5A/KIF5B/KIF5C,3
GO:0099637,neurotransmitter receptor transport,3/76,48/18866,0.000953823,0.011544284,0.009235427,KIF5A/KIF5B/KIF5C,3
GO:0021819,layer formation in cerebral cortex,2/76,12/18866,0.001029732,0.012268295,0.009814636,CTNNB1/PAFAH1B1,2
GO:0072393,microtubule anchoring at microtubule organizing center,2/76,12/18866,0.001029732,0.012268295,0.009814636,KIF3A/PCM1,2
GO:1903008,organelle disassembly,4/76,111/18866,0.001051328,0.012428486,0.009942789,HTT/KIF5B/KIF9/PARL,4
GO:0051653,spindle localization,3/76,50/18866,0.00107466,0.012606592,0.010085274,HTT/NDE1/PAFAH1B1,3
GO:1905475,regulation of protein localization to membrane,5/76,195/18866,0.001143119,0.013307298,0.010645838,YWHAQ/KIF5B/YWHAB/YWHAE/YWHAG,5
GO:0071897,DNA biosynthetic process,5/76,196/18866,0.0011694,0.01351011,0.010808088,CTNNB1/HSP90AA1/HSP90AB1/PARM1/PARP4,5
GO:0010457,centriole-centriole cohesion,2/76,13/18866,0.001213783,0.013711252,0.010969002,CTNNB1/KIF3A,2
GO:1902947,regulation of tau-protein kinase activity,2/76,13/18866,0.001213783,0.013711252,0.010969002,HSP90AA1/HSP90AB1,2
GO:2000052,positive regulation of non-canonical Wnt signaling pathway,2/76,13/18866,0.001213783,0.013711252,0.010969002,CSNK1D/CSNK1E,2
GO:0072698,protein localization to microtubule cytoskeleton,3/76,53/18866,0.00127337,0.014278592,0.011422874,CSNK1D/PARD6A/PCM1,3
GO:0021987,cerebral cortex development,4/76,118/18866,0.001318833,0.01468044,0.011744352,CTNNB1/NDE1/PAFAH1B1/YWHAE,4
GO:2001233,regulation of apoptotic signaling pathway,7/76,413/18866,0.001366274,0.015098313,0.01207865,YWHAQ/CTNNB1/HTT/PARL/YWHAB/YWHAE/YWHAG,7
GO:0007100,mitotic centrosome separation,2/76,14/18866,0.001412389,0.01549563,0.012396504,KIF3B/NDE1,2
GO:0018105,peptidyl-serine phosphorylation,6/76,310/18866,0.001562909,0.016885084,0.013508067,CSNK1A1/CSNK1D/CSNK1E/CSNK1G1/HSP90AA1/HSP90AB1,6
GO:0044380,protein localization to cytoskeleton,3/76,57/18866,0.00157225,0.016885084,0.013508067,CSNK1D/PARD6A/PCM1,3
GO:0097120,receptor localization to synapse,3/76,57/18866,0.00157225,0.016885084,0.013508067,KIF5A/KIF5B/KIF5C,3
GO:0032252,secretory granule localization,2/76,15/18866,0.001625432,0.017150025,0.01372002,KIF5A/KIF5B,2
GO:0051299,centrosome separation,2/76,15/18866,0.001625432,0.017150025,0.01372002,KIF3B/NDE1,2
GO:0034605,cellular response to heat,4/76,125/18866,0.001630658,0.017150025,0.01372002,HSP90AA1/HSP90AB1/HSPA8/YWHAE,4
GO:0072089,stem cell proliferation,4/76,128/18866,0.001778769,0.018579613,0.01486369,CTNNB1/NDE1/PAFAH1B1/PDCD2,4
GO:0061684,chaperone-mediated autophagy,2/76,16/18866,0.001852797,0.019091318,0.015273054,HSP90AA1/HSPA8,2
GO:0097091,synaptic vesicle clustering,2/76,16/18866,0.001852797,0.019091318,0.015273054,CTNNB1/PCDH17,2
GO:0032434,regulation of proteasomal ubiquitin-dependent protein catabolic process,4/76,131/18866,0.001935976,0.019814524,0.015851619,CSNK1A1/CSNK1D/CSNK1E/HSP90AB1,4
GO:0007405,neuroblast proliferation,3/76,62/18866,0.002003145,0.020365305,0.016292244,CTNNB1/NDE1/PAFAH1B1,3
GO:0009584,detection of visible light,3/76,64/18866,0.00219407,0.022158658,0.017726926,PDE6A/PDE6B/PDE6G,3
GO:0018209,peptidyl-serine modification,6/76,333/18866,0.002240574,0.022479443,0.017983555,CSNK1A1/CSNK1D/CSNK1E/CSNK1G1/HSP90AA1/HSP90AB1,6
GO:0035304,regulation of protein dephosphorylation,4/76,139/18866,0.002401812,0.023939629,0.019151704,HSP90AB1/HTT/YWHAB/YWHAE,4
GO:0009581,detection of external stimulus,4/76,141/18866,0.002529315,0.025046791,0.020037433,PDC/PDE6A/PDE6B/PDE6G,4
GO:0090150,establishment of protein localization to membrane,6/76,342/18866,0.002558809,0.025175381,0.020140305,YWHAQ/HSP90AA1/PARD3/YWHAB/YWHAE/YWHAG,6
GO:0007004,telomere maintenance via telomerase,3/76,69/18866,0.002719704,0.026509622,0.021207698,CTNNB1/HSP90AA1/HSP90AB1,3
GO:0009582,detection of abiotic stimulus,4/76,144/18866,0.002729187,0.026509622,0.021207698,PDC/PDE6A/PDE6B/PDE6G,4
GO:0008277,regulation of G protein-coupled receptor signaling pathway,4/76,148/18866,0.003012194,0.029073396,0.023258717,PDE6A/PDE6B/PDE6G/YWHAB,4
GO:1903364,positive regulation of cellular protein catabolic process,4/76,149/18866,0.003085962,0.029598061,0.023678449,CSNK1A1/CSNK1D/CSNK1E/HSP90AA1,4
GO:1904886,beta-catenin destruction complex disassembly,2/76,21/18866,0.003200412,0.03050393,0.024403144,CSNK1A1/CTNNB1,2
GO:0061351,neural precursor cell proliferation,4/76,154/18866,0.003473389,0.03290011,0.026320088,CTNNB1/NDE1/PAFAH1B1/PCM1,4
GO:0051131,chaperone-mediated protein complex assembly,2/76,22/18866,0.003511298,0.033053881,0.026443105,HSP90AA1/HSP90AB1,2
GO:0006278,RNA-dependent DNA biosynthetic process,3/76,76/18866,0.003576472,0.033460861,0.026768689,CTNNB1/HSP90AA1/HSP90AB1,3
GO:0007097,nuclear migration,2/76,23/18866,0.003835708,0.035237678,0.028190142,PAFAH1B1/PCM1,2
GO:0042026,protein refolding,2/76,23/18866,0.003835708,0.035237678,0.028190142,HSP90AA1/HSPA8,2
GO:2000050,regulation of non-canonical Wnt signaling pathway,2/76,23/18866,0.003835708,0.035237678,0.028190142,CSNK1D/CSNK1E,2
GO:2000058,regulation of ubiquitin-dependent protein catabolic process,4/76,159/18866,0.003892699,0.035547102,0.028437681,CSNK1A1/CSNK1D/CSNK1E/HSP90AB1,4
GO:0021537,telencephalon development,5/76,259/18866,0.00392371,0.035617009,0.028493607,CTNNB1/KIF5B/NDE1/PAFAH1B1/YWHAE,5
GO:1903362,regulation of cellular protein catabolic process,5/76,260/18866,0.003988269,0.035988818,0.028791054,CSNK1A1/CSNK1D/CSNK1E/HSP90AA1/HSP90AB1,5
GO:0030111,regulation of Wnt signaling pathway,6/76,375/18866,0.004023277,0.036091164,0.028872931,CSNK1A1/CSNK1D/CSNK1E/CSNK1G1/CTNNB1/CTNNBIP1,6
GO:0021801,cerebral cortex radial glia guided migration,2/76,24/18866,0.004173532,0.037003701,0.029602961,CTNNB1/PAFAH1B1,2
GO:0022030,telencephalon glial cell migration,2/76,24/18866,0.004173532,0.037003701,0.029602961,CTNNB1/PAFAH1B1,2
GO:0010833,telomere maintenance via telomere lengthening,3/76,81/18866,0.004278715,0.037500228,0.030000182,CTNNB1/HSP90AA1/HSP90AB1,3
GO:0021766,hippocampus development,3/76,81/18866,0.004278715,0.037500228,0.030000182,KIF5B/PAFAH1B1/YWHAE,3
GO:0021954,central nervous system neuron development,3/76,82/18866,0.004428466,0.038590915,0.030872732,HSP90AA1/HSP90AB1/PAFAH1B1,3
GO:0009408,response to heat,4/76,166/18866,0.00453559,0.039299861,0.031439888,HSP90AA1/HSP90AB1/HSPA8/YWHAE,4
GO:0034453,microtubule anchoring,2/76,26/18866,0.004888982,0.041947249,0.033557799,KIF3A/PCM1,2
GO:0035418,protein localization to synapse,3/76,85/18866,0.004896678,0.041947249,0.033557799,KIF5A/KIF5B/KIF5C,3
GO:0030900,forebrain development,6/76,391/18866,0.004923644,0.041947249,0.033557799,CTNNB1/KIF5B/NDE1/PAFAH1B1/PCM1/YWHAE,6
GO:1990138,neuron projection extension,4/76,172/18866,0.005140705,0.043553193,0.034842554,CTNNB1/HSP90AA1/HSP90AB1/PAFAH1B1,4
GO:0032436,positive regulation of proteasomal ubiquitin-dependent protein catabolic process,3/76,87/18866,0.005224806,0.044021158,0.035216927,CSNK1A1/CSNK1D/CSNK1E,3
GO:0051647,nucleus localization,2/76,28/18866,0.005656771,0.047398764,0.037919011,PAFAH1B1/PCM1,2
GO:0007020,microtubule nucleation,2/76,29/18866,0.006060021,0.050500177,0.040400142,CSNK1D/NDE1,2
GO:2001235,positive regulation of apoptotic signaling pathway,4/76,183/18866,0.006386473,0.052931364,0.042345091,YWHAQ/YWHAB/YWHAE/YWHAG,4
GO:0043488,regulation of mRNA stability,4/76,186/18866,0.006758083,0.055430489,0.044344392,HSPA8/PAIP1/PDE12/YWHAB,4
GO:0060828,regulation of canonical Wnt signaling pathway,5/76,295/18866,0.006760702,0.055430489,0.044344392,CSNK1A1/CSNK1D/CSNK1E/CSNK1G1/CTNNB1,5
GO:0021799,cerebral cortex radially oriented cell migration,2/76,31/18866,0.006904699,0.056308378,0.045046702,CTNNB1/PAFAH1B1,2
GO:0061136,regulation of proteasomal protein catabolic process,4/76,193/18866,0.007680321,0.062300475,0.04984038,CSNK1A1/CSNK1D/CSNK1E/HSP90AB1,4
GO:0010464,regulation of mesenchymal cell proliferation,2/76,33/18866,0.007799573,0.062933059,0.050346447,CTNNB1/CTNNBIP1,2
GO:0043487,regulation of RNA stability,4/76,195/18866,0.007958288,0.06377481,0.051019848,HSPA8/PAIP1/PDE12/YWHAB,4
GO:0050808,synapse organization,6/76,433/18866,0.007987534,0.06377481,0.051019848,CTNNB1/HSPA8/PAFAH1B1/PALM/PCDH17/PCDHB11,6
GO:2000060,positive regulation of ubiquitin-dependent protein catabolic process,3/76,102/18866,0.008107632,0.064396557,0.051517246,CSNK1A1/CSNK1D/CSNK1E,3
GO:0051054,positive regulation of DNA metabolic process,4/76,200/18866,0.008681986,0.068601188,0.05488095,CTNNB1/HSP90AA1/HSP90AB1/PARM1,4
GO:0021761,limbic system development,3/76,109/18866,0.0097166,0.076144841,0.060915873,KIF5B/PAFAH1B1/YWHAE,3
GO:0045070,positive regulation of viral genome replication,2/76,37/18866,0.009736553,0.076144841,0.060915873,HSPA8/PDE12,2
GO:0006470,protein dephosphorylation,5/76,323/18866,0.009786638,0.076146036,0.060916829,HSP90AB1/HTT/PALD1/YWHAB/YWHAE,5
GO:0061013,regulation of mRNA catabolic process,4/76,208/18866,0.009927375,0.076716182,0.061372946,HSPA8/PAIP1/PDE12/YWHAB,4
GO:1901800,positive regulation of proteasomal protein catabolic process,3/76,110/18866,0.009960527,0.076716182,0.061372946,CSNK1A1/CSNK1D/CSNK1E,3
GO:0035303,regulation of dephosphorylation,4/76,209/18866,0.010090771,0.077328775,0.06186302,HSP90AB1/HTT/YWHAB/YWHAE,4
GO:0032984,protein-containing complex disassembly,5/76,330/18866,0.010668487,0.081347214,0.065077771,CSNK1A1/CTNNB1/HSPA8/KIF2A/KIF5B,5
GO:0051225,spindle assembly,3/76,115/18866,0.011233609,0.085230115,0.068184092,CSNK1D/KIF2A/KIF3B,3
GO:0031109,microtubule polymerization or depolymerization,3/76,117/18866,0.011767951,0.088812993,0.071050395,CSNK1D/KIF2A/NDE1,3
GO:2000008,regulation of protein localization to cell surface,2/76,41/18866,0.011864362,0.088812993,0.071050395,CTNNB1/HSP90AB1,2
GO:0060070,canonical Wnt signaling pathway,5/76,339/18866,0.011880558,0.088812993,0.071050395,CSNK1A1/CSNK1D/CSNK1E/CSNK1G1/CTNNB1,5
GO:0007052,mitotic spindle organization,3/76,118/18866,0.012040537,0.089569846,0.071655877,KIF2A/KIF3B/PCNT,3
GO:0021795,cerebral cortex cell migration,2/76,42/18866,0.012425373,0.091983949,0.073587159,CTNNB1/PAFAH1B1,2
GO:0045732,positive regulation of protein catabolic process,4/76,225/18866,0.01294629,0.093059418,0.074447534,CSNK1A1/CSNK1D/CSNK1E/HSP90AA1,4
GO:1903050,regulation of proteolysis involved in cellular protein catabolic process,4/76,225/18866,0.01294629,0.093059418,0.074447534,CSNK1A1/CSNK1D/CSNK1E/HSP90AB1,4
GO:0016339,calcium-dependent cell-cell adhesion via plasma membrane cell adhesion molecules,2/76,43/18866,0.012997807,0.093059418,0.074447534,KIFAP3/PCDHB11,2
GO:0021762,substantia nigra development,2/76,43/18866,0.012997807,0.093059418,0.074447534,YWHAQ/YWHAE,2
GO:0040019,positive regulation of embryonic development,2/76,43/18866,0.012997807,0.093059418,0.074447534,CTNNB1/PAFAH1B1,2
GO:1903146,regulation of autophagy of mitochondrion,2/76,43/18866,0.012997807,0.093059418,0.074447534,HTT/PARL,2
GO:2000648,positive regulation of stem cell proliferation,2/76,43/18866,0.012997807,0.093059418,0.074447534,CTNNB1/PDCD2,2
GO:0042752,regulation of circadian rhythm,3/76,122/18866,0.013167154,0.093831351,0.075065081,CSNK1D/CSNK1E/PDE6B,3
GO:0048675,axon extension,3/76,123/18866,0.013457912,0.095446496,0.076357197,HSP90AA1/HSP90AB1/PAFAH1B1,3
GO:0010463,mesenchymal cell proliferation,2/76,44/18866,0.013581567,0.095446496,0.076357197,CTNNB1/CTNNBIP1,2
GO:0035329,hippo signaling,2/76,44/18866,0.013581567,0.095446496,0.076357197,YWHAB/YWHAE,2
GO:0035315,hair cell differentiation,2/76,45/18866,0.014176554,0.098718014,0.078974411,CTNNB1/PAFAH1B1,2
GO:0045429,positive regulation of nitric oxide biosynthetic process,2/76,45/18866,0.014176554,0.098718014,0.078974411,HSP90AA1/HSP90AB1,2
GO:0009266,response to temperature stimulus,4/76,233/18866,0.014549379,0.100640953,0.080512763,HSP90AA1/HSP90AB1/HSPA8/YWHAE,4
GO:1903052,positive regulation of proteolysis involved in cellular protein catabolic process,3/76,127/18866,0.014657552,0.100640953,0.080512763,CSNK1A1/CSNK1D/CSNK1E,3
GO:0031641,regulation of myelination,2/76,46/18866,0.014782671,0.100640953,0.080512763,CTNNB1/PARD3,2
GO:1904407,positive regulation of nitric oxide metabolic process,2/76,46/18866,0.014782671,0.100640953,0.080512763,HSP90AA1/HSP90AB1,2
GO:2000142,"regulation of DNA-templated transcription, initiation",2/76,46/18866,0.014782671,0.100640953,0.080512763,CTNNB1/CTNNBIP1,2
GO:0060560,developmental growth involved in morphogenesis,4/76,236/18866,0.015181553,0.102897196,0.082317757,CTNNB1/HSP90AA1/HSP90AB1/PAFAH1B1,4
GO:0071482,cellular response to light stimulus,3/76,129/18866,0.015279416,0.103102256,0.082481805,PDE6A/PDE6B/PDE6G,3
GO:0048588,developmental cell growth,4/76,237/18866,0.015396082,0.103431827,0.082745461,CTNNB1/HSP90AA1/HSP90AB1/PAFAH1B1,4
GO:0051052,regulation of DNA metabolic process,5/76,365/18866,0.015902483,0.106365292,0.085092234,CTNNB1/HSP90AA1/HSP90AB1/PARM1/PARP4,5
GO:0051098,regulation of binding,5/76,367/18866,0.016245214,0.108183196,0.086546557,CSNK1A1/CSNK1E/CTNNB1/CTNNBIP1/HSP90AB1,5
GO:1903320,regulation of protein modification by small protein conjugation or removal,4/76,242/18866,0.016497485,0.109385499,0.0875084,CTNNB1/HSP90AA1/HSP90AB1/NDFIP2,4
GO:0022412,cellular process involved in reproduction in multicellular organism,5/76,375/18866,0.017665527,0.116623068,0.093298454,CTNNB1/DDX6/DEFB1/PAFAH1B1/PANX1,5
GO:0006402,mRNA catabolic process,5/76,376/18866,0.017848679,0.11732429,0.093859432,DDX6/HSPA8/PAIP1/PDE12/YWHAB,5
GO:0050885,neuromuscular process controlling balance,2/76,51/18866,0.017976836,0.117659546,0.094127637,PAFAH1B1/PCDH15,2
GO:0001654,eye development,5/76,384/18866,0.019359476,0.126167526,0.100934021,CTNNB1/NDP/PBX4/PDE6A/PDE6B,5
GO:0150063,visual system development,5/76,388/18866,0.020145598,0.130732073,0.104585658,CTNNB1/NDP/PBX4/PDE6A/PDE6B,5
GO:0031331,positive regulation of cellular catabolic process,5/76,390/18866,0.020546428,0.13222695,0.10578156,CSNK1A1/CSNK1D/CSNK1E/HSP90AA1/HTT,5
GO:0002931,response to ischemia,2/76,55/18866,0.020722781,0.13222695,0.10578156,PANX1/PANX2,2
GO:0008347,glial cell migration,2/76,55/18866,0.020722781,0.13222695,0.10578156,CTNNB1/PAFAH1B1,2
GO:0022029,telencephalon cell migration,2/76,55/18866,0.020722781,0.13222695,0.10578156,CTNNB1/PAFAH1B1,2
GO:0048880,sensory system development,5/76,394/18866,0.021363746,0.135636193,0.108508954,CTNNB1/NDP/PBX4/PDE6A/PDE6B,5
GO:1905515,non-motile cilium assembly,2/76,56/18866,0.021434966,0.135636193,0.108508954,CSNK1D/PCM1,2
GO:0007043,cell-cell junction assembly,3/76,147/18866,0.021543528,0.135759836,0.108607869,CTNNB1/PARD3/PARD6A,3
GO:0042176,regulation of protein catabolic process,5/76,397/18866,0.021990529,0.138006406,0.110405125,CSNK1A1/CSNK1D/CSNK1E/HSP90AA1/HSP90AB1,5
GO:0060041,retina development in camera-type eye,3/76,150/18866,0.022704958,0.141326782,0.113061425,NDP/PDE6A/PDE6B,3
GO:0090263,positive regulation of canonical Wnt signaling pathway,3/76,150/18866,0.022704958,0.141326782,0.113061425,CSNK1D/CSNK1E/CSNK1G1,3
GO:0021885,forebrain cell migration,2/76,58/18866,0.022889532,0.141896489,0.113517192,CTNNB1/PAFAH1B1,2
GO:0007030,Golgi organization,3/76,151/18866,0.023099575,0.142618836,0.114095069,CSNK1A1/CSNK1D/HTT,3
GO:0001658,branching involved in ureteric bud morphogenesis,2/76,59/18866,0.023631733,0.145316103,0.116252882,CTNNB1/CTNNBIP1,2
GO:1903428,positive regulation of reactive oxygen species biosynthetic process,2/76,60/18866,0.024383761,0.149338294,0.119470635,HSP90AA1/HSP90AB1,2
GO:0007281,germ cell development,4/76,275/18866,0.025006393,0.15217034,0.121736272,CTNNB1/DEFB1/PAFAH1B1/PANX1,4
GO:0003341,cilium movement,3/76,156/18866,0.025128708,0.15217034,0.121736272,DEFB1/KIF27/ZBBX,3
GO:1903902,positive regulation of viral life cycle,2/76,61/18866,0.025145525,0.15217034,0.121736272,HSPA8/PDE12,2
GO:0048857,neural nucleus development,2/76,62/18866,0.025916938,0.155513843,0.124411074,YWHAQ/YWHAE,2
GO:1904589,regulation of protein import,2/76,62/18866,0.025916938,0.155513843,0.124411074,HSP90AB1/HSPA8,2
GO:0006401,RNA catabolic process,5/76,415/18866,0.026003954,0.155513843,0.124411074,DDX6/HSPA8/PAIP1/PDE12/YWHAB,5
GO:0031122,cytoplasmic microtubule organization,2/76,63/18866,0.026697911,0.15904029,0.127232232,PAFAH1B1/PCM1,2
GO:0000723,telomere maintenance,3/76,161/18866,0.027251182,0.161704483,0.129363586,CTNNB1/HSP90AA1/HSP90AB1,3
GO:0019827,stem cell population maintenance,3/76,162/18866,0.027686863,0.163169476,0.130535581,CTNNB1/DDX6/PCM1,3
GO:0007411,axon guidance,4/76,284/18866,0.027712062,0.163169476,0.130535581,KIF3A/KIF5A/KIF5B/KIF5C,4
GO:0097485,neuron projection guidance,4/76,285/18866,0.028023101,0.163407159,0.130725728,KIF3A/KIF5A/KIF5B/KIF5C,4
GO:0043161,proteasome-mediated ubiquitin-dependent protein catabolic process,5/76,424/18866,0.0281763,0.163407159,0.130725728,CSNK1A1/CSNK1D/CSNK1E/CTNNB1/HSP90AB1,5
GO:0035308,negative regulation of protein dephosphorylation,2/76,65/18866,0.02828819,0.163407159,0.130725728,YWHAB/YWHAE,2
GO:0060675,ureteric bud morphogenesis,2/76,65/18866,0.02828819,0.163407159,0.130725728,CTNNB1/CTNNBIP1,2
GO:0090307,mitotic spindle assembly,2/76,65/18866,0.02828819,0.163407159,0.130725728,KIF2A/KIF3B,2
GO:0098727,maintenance of cell number,3/76,164/18866,0.028569395,0.163739549,0.130991639,CTNNB1/DDX6/PCM1,3
GO:0006816,calcium ion transport,5/76,426/18866,0.028674296,0.163739549,0.130991639,CTNNB1/HTT/PANX1/PARL/YWHAE,5
GO:0032922,circadian regulation of gene expression,2/76,66/18866,0.029097323,0.163739549,0.130991639,CSNK1D/CSNK1E,2
GO:0034394,protein localization to cell surface,2/76,66/18866,0.029097323,0.163739549,0.130991639,CTNNB1/HSP90AB1,2
GO:0045669,positive regulation of osteoblast differentiation,2/76,66/18866,0.029097323,0.163739549,0.130991639,CTNNB1/CTNNBIP1,2
GO:0046824,positive regulation of nucleocytoplasmic transport,2/76,66/18866,0.029097323,0.163739549,0.130991639,HSP90AB1/YWHAE,2
GO:0072171,mesonephric tubule morphogenesis,2/76,66/18866,0.029097323,0.163739549,0.130991639,CTNNB1/CTNNBIP1,2
GO:0048515,spermatid differentiation,3/76,166/18866,0.029466806,0.165209117,0.132167294,DDX6/DEFB1/PAFAH1B1,3
GO:0032409,regulation of transporter activity,4/76,291/18866,0.029933322,0.167209949,0.133767959,HTT/KIF5B/NDFIP2/YWHAE,4
GO:0034329,cell junction assembly,5/76,434/18866,0.0307223,0.170484723,0.136387778,CTNNB1/PARD3/PARD6A/PCDH17/PCDHB11,5
GO:0045428,regulation of nitric oxide biosynthetic process,2/76,68/18866,0.030743147,0.170484723,0.136387778,HSP90AA1/HSP90AB1,2
GO:0050768,negative regulation of neurogenesis,4/76,295/18866,0.031248845,0.172661191,0.138128953,CTNNB1/DDX6/PAFAH1B1/PCM1,4
GO:0031647,regulation of protein stability,4/76,296/18866,0.031582999,0.173877519,0.139102015,HSP90AA1/HSP90AB1/HSPA8/HTT,4
GO:0050714,positive regulation of protein secretion,3/76,172/18866,0.032248085,0.176900465,0.141520372,KIF5B/PANX1/PARD6A,3
GO:0032200,telomere organization,3/76,174/18866,0.03320477,0.181495608,0.145196486,CTNNB1/HSP90AA1/HSP90AB1,3
GO:0072078,nephron tubule morphogenesis,2/76,73/18866,0.035014517,0.190704066,0.152563253,CTNNB1/CTNNBIP1,2
GO:2001259,positive regulation of cation channel activity,2/76,74/18866,0.035895007,0.194803861,0.155843089,HTT/KIF5B,2
GO:0009896,positive regulation of catabolic process,5/76,454/18866,0.036239913,0.195978251,0.156782601,CSNK1A1/CSNK1D/CSNK1E/HSP90AA1/HTT,5
GO:0072088,nephron epithelium morphogenesis,2/76,75/18866,0.036784043,0.197585453,0.158068362,CTNNB1/CTNNBIP1,2
GO:0071346,cellular response to interferon-gamma,3/76,182/18866,0.037178615,0.197585453,0.158068362,HSP90AB1/KIF5B/PDE12,3
GO:0070588,calcium ion transmembrane transport,4/76,312/18866,0.03721772,0.197585453,0.158068362,HTT/PANX1/PARL/YWHAE,4
GO:0072091,regulation of stem cell proliferation,2/76,76/18866,0.037681545,0.197585453,0.158068362,CTNNB1/PDCD2,2
GO:0001959,regulation of cytokine-mediated signaling pathway,3/76,183/18866,0.037691817,0.197585453,0.158068362,HSP90AB1/PAFAH1B1/PALM3,3
GO:0006986,response to unfolded protein,3/76,183/18866,0.037691817,0.197585453,0.158068362,HSP90AA1/HSP90AB1/HSPA8,3
GO:0030177,positive regulation of Wnt signaling pathway,3/76,183/18866,0.037691817,0.197585453,0.158068362,CSNK1D/CSNK1E/CSNK1G1,3
GO:0046785,microtubule polymerization,2/76,77/18866,0.038587432,0.197585453,0.158068362,CSNK1D/NDE1,2
GO:0061333,renal tubule morphogenesis,2/76,77/18866,0.038587432,0.197585453,0.158068362,CTNNB1/CTNNBIP1,2
GO:0070830,bicellular tight junction assembly,2/76,77/18866,0.038587432,0.197585453,0.158068362,PARD3/PARD6A,2
GO:0072028,nephron morphogenesis,2/76,77/18866,0.038587432,0.197585453,0.158068362,CTNNB1/CTNNBIP1,2
GO:0000288,"nuclear-transcribed mRNA catabolic process, deadenylation-dependent decay",2/76,78/18866,0.039501623,0.197585453,0.158068362,DDX6/PDE12,2
GO:0001840,neural plate development,1/76,10/18866,0.039570904,0.197585453,0.158068362,CTNNB1,1
GO:0007440,foregut morphogenesis,1/76,10/18866,0.039570904,0.197585453,0.158068362,CTNNB1,1
GO:0019062,virion attachment to host cell,1/76,10/18866,0.039570904,0.197585453,0.158068362,HSP90AB1,1
GO:0043587,tongue morphogenesis,1/76,10/18866,0.039570904,0.197585453,0.158068362,CTNNB1,1
GO:0045793,positive regulation of cell size,1/76,10/18866,0.039570904,0.197585453,0.158068362,HSP90AB1,1
GO:0048262,determination of dorsal/ventral asymmetry,1/76,10/18866,0.039570904,0.197585453,0.158068362,CTNNB1,1
GO:0060768,regulation of epithelial cell proliferation involved in prostate gland development,1/76,10/18866,0.039570904,0.197585453,0.158068362,CTNNB1,1
GO:0097278,complement-dependent cytotoxicity,1/76,10/18866,0.039570904,0.197585453,0.158068362,HSP90AB1,1
GO:0098598,learned vocalization behavior or vocal learning,1/76,10/18866,0.039570904,0.197585453,0.158068362,HTT,1
GO:1904779,regulation of protein localization to centrosome,1/76,10/18866,0.039570904,0.197585453,0.158068362,PARD6A,1
GO:0009416,response to light stimulus,4/76,319/18866,0.039854251,0.197585453,0.158068362,PDC/PDE6A/PDE6B/PDE6G,4
GO:0051961,negative regulation of nervous system development,4/76,319/18866,0.039854251,0.197585453,0.158068362,CTNNB1/DDX6/PAFAH1B1/PCM1,4
GO:0071478,cellular response to radiation,3/76,188/18866,0.040312367,0.197585453,0.158068362,PDE6A/PDE6B/PDE6G,3
GO:0000422,autophagy of mitochondrion,2/76,79/18866,0.04042404,0.197585453,0.158068362,HTT/PARL,2
GO:0006809,nitric oxide biosynthetic process,2/76,79/18866,0.04042404,0.197585453,0.158068362,HSP90AA1/HSP90AB1,2
GO:0007492,endoderm development,2/76,79/18866,0.04042404,0.197585453,0.158068362,CTNNB1/PAX9,2
GO:0061726,mitochondrion disassembly,2/76,79/18866,0.04042404,0.197585453,0.158068362,HTT/PARL,2
GO:0120192,tight junction assembly,2/76,79/18866,0.04042404,0.197585453,0.158068362,PARD3/PARD6A,2
GO:0070838,divalent metal ion transport,5/76,471/18866,0.041384326,0.19954514,0.159636112,CTNNB1/HTT/PANX1/PARL/YWHAE,5
GO:0002793,positive regulation of peptide secretion,3/76,193/18866,0.043023273,0.19954514,0.159636112,KIF5B/PANX1/PARD6A,3
GO:0120193,tight junction organization,2/76,82/18866,0.043239852,0.19954514,0.159636112,PARD3/PARD6A,2
GO:0003263,cardioblast proliferation,1/76,11/18866,0.043441958,0.19954514,0.159636112,CTNNB1,1
GO:0003264,regulation of cardioblast proliferation,1/76,11/18866,0.043441958,0.19954514,0.159636112,CTNNB1,1
GO:0007028,cytoplasm organization,1/76,11/18866,0.043441958,0.19954514,0.159636112,KIF5B,1
GO:0009950,dorsal/ventral axis specification,1/76,11/18866,0.043441958,0.19954514,0.159636112,CTNNB1,1
GO:0035457,cellular response to interferon-alpha,1/76,11/18866,0.043441958,0.19954514,0.159636112,PDE12,1
GO:0044848,biological phase,1/76,11/18866,0.043441958,0.19954514,0.159636112,CTNNB1,1
GO:0045657,positive regulation of monocyte differentiation,1/76,11/18866,0.043441958,0.19954514,0.159636112,CTNNBIP1,1
GO:0060159,regulation of dopamine receptor signaling pathway,1/76,11/18866,0.043441958,0.19954514,0.159636112,PALM,1
GO:0060272,embryonic skeletal joint morphogenesis,1/76,11/18866,0.043441958,0.19954514,0.159636112,CTNNB1,1
GO:0060439,trachea morphogenesis,1/76,11/18866,0.043441958,0.19954514,0.159636112,CTNNB1,1
GO:0060767,epithelial cell proliferation involved in prostate gland development,1/76,11/18866,0.043441958,0.19954514,0.159636112,CTNNB1,1
GO:0061299,retina vasculature morphogenesis in camera-type eye,1/76,11/18866,0.043441958,0.19954514,0.159636112,NDP,1
GO:0061635,regulation of protein complex stability,1/76,11/18866,0.043441958,0.19954514,0.159636112,HSPA8,1
GO:0072321,chaperone-mediated protein transport,1/76,11/18866,0.043441958,0.19954514,0.159636112,HSPA8,1
GO:1902033,regulation of hematopoietic stem cell proliferation,1/76,11/18866,0.043441958,0.19954514,0.159636112,PDCD2,1
GO:1902093,positive regulation of flagellated sperm motility,1/76,11/18866,0.043441958,0.19954514,0.159636112,DEFB1,1
GO:2000155,positive regulation of cilium-dependent cell motility,1/76,11/18866,0.043441958,0.19954514,0.159636112,DEFB1,1
GO:0072511,divalent inorganic cation transport,5/76,478/18866,0.043625644,0.199787108,0.159829686,CTNNB1/HTT/PANX1/PARL/YWHAE,5
GO:2000243,positive regulation of reproductive process,2/76,83/18866,0.044194383,0.201477272,0.161181818,CTNNB1/DEFB1,2
GO:0071214,cellular response to abiotic stimulus,4/76,331/18866,0.044617471,0.201477272,0.161181818,PALM/PDE6A/PDE6B/PDE6G,4
GO:0104004,cellular response to environmental stimulus,4/76,331/18866,0.044617471,0.201477272,0.161181818,PALM/PDE6A/PDE6B/PDE6G,4
GO:0060759,regulation of response to cytokine stimulus,3/76,196/18866,0.044692857,0.201477272,0.161181818,HSP90AB1/PAFAH1B1/PALM3,3
GO:0043010,camera-type eye development,4/76,332/18866,0.045028292,0.201477272,0.161181818,CTNNB1/NDP/PDE6A/PDE6B,4
GO:0046209,nitric oxide metabolic process,2/76,84/18866,0.045156747,0.201477272,0.161181818,HSP90AA1/HSP90AB1,2
GO:0010498,proteasomal protein catabolic process,5/76,483/18866,0.045270826,0.201477272,0.161181818,CSNK1A1/CSNK1D/CSNK1E/CTNNB1/HSP90AB1,5
GO:0042326,negative regulation of phosphorylation,5/76,484/18866,0.045604297,0.201477272,0.161181818,PAFAH1B1/PARD3/PARD6A/PDE12/YWHAG,5
GO:0050769,positive regulation of neurogenesis,5/76,485/18866,0.045939249,0.201477272,0.161181818,CSNK1D/CSNK1E/CTNNB1/PAFAH1B1/PCP4,5
GO:0043297,apical junction assembly,2/76,85/18866,0.04612687,0.201477272,0.161181818,PARD3/PARD6A,2
GO:0017038,protein import,3/76,200/18866,0.046968797,0.201477272,0.161181818,HSP90AA1/HSP90AB1/HSPA8,3
GO:2000377,regulation of reactive oxygen species metabolic process,3/76,200/18866,0.046968797,0.201477272,0.161181818,HSP90AA1/HSP90AB1/PARL,3
GO:0003353,positive regulation of cilium movement,1/76,12/18866,0.047297615,0.201477272,0.161181818,DEFB1,1
GO:0031340,positive regulation of vesicle fusion,1/76,12/18866,0.047297615,0.201477272,0.161181818,KIF5B,1
GO:0033234,negative regulation of protein sumoylation,1/76,12/18866,0.047297615,0.201477272,0.161181818,CTNNB1,1
GO:0034333,adherens junction assembly,1/76,12/18866,0.047297615,0.201477272,0.161181818,CTNNB1,1
GO:0044650,adhesion of symbiont to host cell,1/76,12/18866,0.047297615,0.201477272,0.161181818,HSP90AB1,1
GO:0051657,maintenance of organelle location,1/76,12/18866,0.047297615,0.201477272,0.161181818,PAFAH1B1,1
GO:0060742,epithelial cell differentiation involved in prostate gland development,1/76,12/18866,0.047297615,0.201477272,0.161181818,CTNNB1,1
GO:0060788,ectodermal placode formation,1/76,12/18866,0.047297615,0.201477272,0.161181818,CTNNB1,1
GO:0060856,establishment of blood-brain barrier,1/76,12/18866,0.047297615,0.201477272,0.161181818,CTNNB1,1
GO:0070601,centromeric sister chromatid cohesion,1/76,12/18866,0.047297615,0.201477272,0.161181818,CTNNB1,1
GO:0071257,cellular response to electrical stimulus,1/76,12/18866,0.047297615,0.201477272,0.161181818,PALM,1
GO:0071697,ectodermal placode morphogenesis,1/76,12/18866,0.047297615,0.201477272,0.161181818,CTNNB1,1
GO:1901660,calcium ion export,1/76,12/18866,0.047297615,0.201477272,0.161181818,YWHAE,1
GO:2001057,reactive nitrogen species metabolic process,2/76,87/18866,0.048090082,0.203310766,0.162648613,HSP90AA1/HSP90AB1,2
GO:0007179,transforming growth factor beta receptor signaling pathway,3/76,202/18866,0.048127991,0.203310766,0.162648613,HSP90AB1/PARD3/PARD6A,3
GO:0034341,response to interferon-gamma,3/76,202/18866,0.048127991,0.203310766,0.162648613,HSP90AB1/KIF5B/PDE12,3
GO:0016311,dephosphorylation,5/76,492/18866,0.048325413,0.203580814,0.162864651,HSP90AB1/HTT/PALD1/YWHAB/YWHAE,5
GO:0019058,viral life cycle,4/76,341/18866,0.048821731,0.205105068,0.164084055,DDX6/HSP90AB1/HSPA8/PDE12,4
GO:0032410,negative regulation of transporter activity,2/76,88/18866,0.04908302,0.20563628,0.164509024,NDFIP2/YWHAE,2
GO:0010721,negative regulation of cell development,4/76,343/18866,0.049688171,0.205766096,0.164612877,CTNNB1/DDX6/PAFAH1B1/PCM1,4
GO:0035966,response to topologically incorrect protein,3/76,205/18866,0.049893139,0.205766096,0.164612877,HSP90AA1/HSP90AB1/HSPA8,3
