gene_claim_name,gene_concept_id,Gene_name,interaction_source_db_name,interaction_source_db_version,interaction_type,interaction_score,drug_claim_name,drug_concept_id,drug_name,approved,immunotherapy,anti_neoplastic
MMP8,hgnc:7175,MMP8,ChEMBL,32,inhibitor,2.106430496,DOXYCYCLINE CALCIUM,rxcui:82012,DOXYCYCLINE CALCIUM,True,False,False
DRD2,hgnc:3023,DRD2,ChEMBL,32,inhibitor,0.071060306,OLANZAPINE PAMOATE,rxcui:1294588,OLANZAPINE PAMOATE,True,False,False
DRD2,hgnc:3023,DRD2,ChEMBL,32,inhibitor,0.081992661,QUETIAPINE FUMARATE,rxcui:221153,QUETIAPINE FUMARATE,True,False,False
DRD2,hgnc:3023,DRD2,ChEMBL,32,inhibitor,0.04180018,RISPERIDONE,rxcui:35636,RISPERIDONE,True,False,False
DRD2,hgnc:3023,DRD2,ChEMBL,32,inhibitor,0.056848245,AMISULPRIDE,rxcui:46303,AMISULPRIDE,True,False,False
DRD2,hgnc:3023,DRD2,ChEMBL,32,inhibitor,0.08360036,FLUSPIRILENE,rxcui:4507,FLUSPIRILENE,True,False,False
PRKX,hgnc:9441,PRKX,DTC,5-Jun-23,,0.336068683,FASUDIL,ncit:C65624,FASUDIL,False,False,True
DRD2,hgnc:3023,DRD2,DTC,5-Jun-23,,0.710603059,5-OH-DPAT,iuphar.ligand:128,5-OH-DPAT,False,False,False
IKBKE,hgnc:14552,IKBKE,DTC,5-Jun-23,,0.1404287,DNDI1417467,chembl:CHEMBL1997335,CHEMBL:CHEMBL1997335,False,False,False
PRKX,hgnc:9441,PRKX,DTC,5-Jun-23,,0.108022077,DNDI1417467,chembl:CHEMBL1997335,CHEMBL:CHEMBL1997335,False,False,False
DRD2,hgnc:3023,DRD2,NCI,14-Sep-17,,0.017331782,LITHIUM,rxcui:6448,LITHIUM,True,False,False
LTF,hgnc:6720,LTF,NCI,14-Sep-17,,9.830008983,BACITRACIN,rxcui:1291,BACITRACIN,True,False,False
NOS1,hgnc:7872,NOS1,NCI,14-Sep-17,,0.178727436,CIMETIDINE,rxcui:2541,CIMETIDINE,True,False,False
NOS1,hgnc:7872,NOS1,NCI,14-Sep-17,,0.44681859,IDOXIFENE,ncit:C1406,IDOXIFENE,False,False,False
NOS1,hgnc:7872,NOS1,NCI,14-Sep-17,,0.89363718,THIOURACIL,ncit:C29856,THIOURACIL,False,False,False
PTPRC,hgnc:9666,PTPRC,NCI,14-Sep-17,,3.276669661,GM-CSF/IL-3 FUSION PROTEIN,ncit:C1477,MILODISTIM,False,False,False
TYMS,hgnc:12441,TYMS,NCI,14-Sep-17,,0.048986756,DEXAMETHASONE,rxcui:3264,DEXAMETHASONE,True,False,True
DRD2,hgnc:3023,DRD2,PharmGKB,5-Jun-23,,0.444126912,ropinirole,rxcui:72302,ROPINIROLE,True,False,False
DRD2,hgnc:3023,DRD2,PharmGKB,5-Jun-23,,0.015447893,methylphenidate,rxcui:203188,METHYLPHENIDATE HYDROCHLORIDE,True,False,True
EPHX2,hgnc:3402,EPHX2,PharmGKB,5-Jun-23,,0.205505414,lithium,rxcui:6448,LITHIUM,True,False,False
EPHB4,hgnc:3395,EPHB4,TALC,12-May-16,inhibitor,10.53215248,XL647,ncit:C62496,TESEVATINIB,False,False,True
UNIPROT:P78552,hgnc:5974,IL13RA1,TdgClinicalTrial,14-Jan,,,"AER001,AEROVANT",,,,,
UNIPROT:P14416,hgnc:3023,DRD2,TdgClinicalTrial,14-Jan,,0.066619037,BROMOCRIPTINE,rxcui:1760,BROMOCRIPTINE,True,False,False
UNIPROT:P14416,hgnc:3023,DRD2,TdgClinicalTrial,14-Jan,,,LU AE04621,,,,,
UNIPROT:P14416,hgnc:3023,DRD2,TdgClinicalTrial,14-Jan,,0.444126912,ROPINIROL,rxcui:72302,ROPINIROLE,True,False,False
UNIPROT:P14416,hgnc:3023,DRD2,TdgClinicalTrial,14-Jan,,0.081992661,QUETIAPINE,rxcui:221153,QUETIAPINE FUMARATE,True,False,False
UNIPROT:P14416,hgnc:3023,DRD2,TdgClinicalTrial,14-Jan,,0.054661774,PIMOZIDE,rxcui:8331,PIMOZIDE,True,False,False
UNIPROT:P14416,hgnc:3023,DRD2,TEND,1-Aug-11,,0.118433843,BUSPIRONE,rxcui:1827,BUSPIRONE,True,False,False
UNIPROT:P14416,hgnc:3023,DRD2,TEND,1-Aug-11,,0.118433843,MINAPRINE,rxcui:30031,MINAPRINE,True,False,False
UNIPROT:P14416,hgnc:3023,DRD2,TEND,1-Aug-11,,0.444126912,ROPINIROLE,rxcui:72302,ROPINIROLE,True,False,False
UNIPROT:P14416,hgnc:3023,DRD2,TEND,1-Aug-11,,0.096900417,THIETHYLPERAZINE,rxcui:10471,THIETHYLPERAZINE,True,False,False
UNIPROT:P14416,hgnc:3023,DRD2,TEND,1-Aug-11,,0.028424122,TRIFLUOPERAZINE,rxcui:10800,TRIFLUOPERAZINE,True,False,False
LEUKOCYTE COMMON ANTIGEN,hgnc:9666,PTPRC,TTD,2020.06.01,,,LM-CD45,,,,,
CALGRANULIN D,hgnc:10489,S100A12,TTD,2020.06.01,,3.932003593,Eptinezumab,rxcui:2282660,EPTINEZUMAB,True,False,False
DOPAMINE D2 RECEPTOR,hgnc:3023,DRD2,TTD,2020.06.01,,,ATI-9242,,,,,
DOPAMINE D2 RECEPTOR,hgnc:3023,DRD2,TTD,2020.06.01,,,APD-403,,,,,
DOPAMINE D2 RECEPTOR,hgnc:3023,DRD2,TTD,2020.06.01,,,SDZ-MAR-327,,,,,
DOPAMINE D2 RECEPTOR,hgnc:3023,DRD2,TTD,2020.06.01,,0.177650765,Naphazoline,rxcui:7247,NAPHAZOLINE,True,False,False
DOPAMINE D2 RECEPTOR,hgnc:3023,DRD2,TTD,2020.06.01,,0.022558827,Olanzapine,rxcui:61381,OLANZAPINE,True,False,False
DOPAMINE D2 RECEPTOR,hgnc:3023,DRD2,TTD,2020.06.01,,,S32504,,,,,
DOPAMINE D2 RECEPTOR,hgnc:3023,DRD2,TTD,2020.06.01,,,BIM23A760,,,,,
LEUKOCYTE COMMON ANTIGEN,hgnc:9666,PTPRC,TTD,2020.06.01,,,Anti-CD45 mabs,,,,,
DOPAMINE D2 RECEPTOR,hgnc:3023,DRD2,TTD,2020.06.01,,,Org-23366,,,,,
COMPLEMENT FACTOR H,hgnc:4883,CFH,TTD,2020.06.01,,,TT-30,,,,,
UTROPHIN,hgnc:12635,UTRN,TTD,2020.06.01,,58.9800539,SMT-C1100,ncit:C166897,EZUTROMID,False,False,False
DOPAMINE D2 RECEPTOR,hgnc:3023,DRD2,TTD,2020.06.01,,,F-15063,,,,,
DOPAMINE D2 RECEPTOR,hgnc:3023,DRD2,TTD,2020.06.01,,,Benzo[d]oxazol-2(3H)-one derivative 3,,,,,
DOPAMINE D2 RECEPTOR,hgnc:3023,DRD2,TTD,2020.06.01,,,Aryl piperazine derivative 6,,,,,
DOPAMINE D2 RECEPTOR,hgnc:3023,DRD2,TTD,2020.06.01,,,PMID30124346-Compound-60TABLE5,,,,,
DOPAMINE D2 RECEPTOR,hgnc:3023,DRD2,TTD,2020.06.01,,0.01480423,Dopamine,rxcui:3628,DOPAMINE,True,False,False
DOPAMINE D2 RECEPTOR,hgnc:3023,DRD2,TTD,2020.06.01,,0.236867686,Sulpiride,rxcui:10239,SULPIRIDE,True,False,False
LEUKOCYTE COMMON ANTIGEN,hgnc:9666,PTPRC,TTD,2020.06.01,,,[131I]-BC8,,,,,
PRKX,hgnc:9441,PRKX,DTC,5-Jun-23,,0.05097671,DOVITINIB,ncit:C76199,DOVITINIB,False,False,True
PTPRC,hgnc:9666,PTPRC,DTC,5-Jun-23,,3.276669661,"NAPHTHALENE-1,2-DIOL",drugbank:DB07610,"1,2-DIHYDROXYNAPHTHALENE",False,False,False
DRD2,hgnc:3023,DRD2,ChEMBL,32,agonist,0.710603059,SUMANIROLE,ncit:C76651,SUMANIROLE,False,False,False
NOS1,hgnc:7872,NOS1,NCI,14-Sep-17,,0.111704648,ANTIBIOTICS,ncit:C258,ANTIBIOTIC,False,False,False
SLC2A1,hgnc:11005,SLC2A1,NCI,14-Sep-17,,0.119392822,GENISTEIN,rxcui:25696,GENISTEIN,True,False,False
DSG1,hgnc:3048,DSG1,NCI,14-Sep-17,,3.188111021,PD-98059,drugbank:DB17042,PD-98059,False,False,False
UNIPROT:P14416,hgnc:3023,DRD2,TEND,1-Aug-11,,0.04180018,RISPERIDONE,rxcui:35636,RISPERIDONE,True,False,False
PRKX,hgnc:9441,PRKX,DTC,5-Jun-23,,0.103111982,681640,chembl:CHEMBL379975,CHEMBL:CHEMBL379975,False,False,False
DOPAMINE D2 RECEPTOR,hgnc:3023,DRD2,TTD,2020.06.01,,0.031350135,Levodopa,rxcui:6375,LEVODOPA,True,False,False
UNIPROT:P14416,hgnc:3023,DRD2,TEND,1-Aug-11,,0.066619037,BROMOCRIPTINE,rxcui:1760,BROMOCRIPTINE,True,False,False
TYMS,hgnc:12441,TYMS,CIViC,5-Jun-23,,0.013996216,METHOTREXATE,rxcui:6851,METHOTREXATE,True,False,True
DRD2,hgnc:3023,DRD2,ChEMBL,32,inhibitor,0.059216922,PROCHLORPERAZINE MALEATE,rxcui:8704,PROCHLORPERAZINE,True,False,False
DRD2,hgnc:3023,DRD2,ChEMBL,32,inhibitor,0.355301529,FLUPHENAZINE ENANTHATE,rxcui:30129,FLUPHENAZINE ENANTHATE,True,False,False
DRD2,hgnc:3023,DRD2,ChEMBL,32,inhibitor,0.096900417,PALIPERIDONE,rxcui:679314,PALIPERIDONE,True,False,False
TYMS,hgnc:12441,TYMS,ChEMBL,32,inhibitor,0.121026102,CAPECITABINE,rxcui:194000,CAPECITABINE,True,False,True
PSMD11,hgnc:9556,PSMD11,ChEMBL,32,inhibitor,0.799729544,CARFILZOMIB,rxcui:1302966,CARFILZOMIB,True,False,True
DRD2,hgnc:3023,DRD2,ChEMBL,32,inhibitor,0.040114689,CLOZAPINE,rxcui:2626,CLOZAPINE,True,False,False
DRD2,hgnc:3023,DRD2,ChEMBL,32,inhibitor,0.236867686,LOXAPINE,rxcui:6475,LOXAPINE,True,False,False
DRD2,hgnc:3023,DRD2,ChEMBL,32,inhibitor,0.064600278,THIORIDAZINE HYDROCHLORIDE,rxcui:10502,THIORIDAZINE,True,False,False
DRD2,hgnc:3023,DRD2,ChEMBL,32,inhibitor,0.064600278,THIORIDAZINE,rxcui:10502,THIORIDAZINE,True,False,False
DRD2,hgnc:3023,DRD2,ChEMBL,32,agonist,0.213180918,ROTIGOTINE,rxcui:616739,ROTIGOTINE,True,False,False
DRD2,hgnc:3023,DRD2,ChEMBL,32,agonist,0.152272084,PARDOPRUNOX,ncit:C80765,PARDOPRUNOX,False,False,False
CD44,hgnc:1681,CD44,ChEMBL,32,binder,4.536927223,BIVATUZUMAB,ncit:C175749,BIVATUZUMAB,False,False,False
TYMS,hgnc:12441,TYMS,ClearityFoundationBiomarkers,26-Jul-13,,0.121026102,CAPECITABINE,rxcui:194000,CAPECITABINE,True,False,True
PSMD11,hgnc:9556,PSMD11,DTC,5-Jun-23,,0.799729544,CARFILZOMIB,rxcui:1302966,CARFILZOMIB,True,False,True
IKBKE,hgnc:14552,IKBKE,DTC,5-Jun-23,,0.072814881,TAMATINIB,drugbank:DB07159,TAMATINIB,False,False,False
DRD2,hgnc:3023,DRD2,DTC,5-Jun-23,,0.129200556,FLUPENTIXOL,rxcui:4495,FLUPENTHIXOL,False,False,False
IKBKE,hgnc:14552,IKBKE,DTC,5-Jun-23,,0.057823582,TAE-684,iuphar.ligand:5714,NVP-TAE684,False,False,False
PSMD11,hgnc:9556,PSMD11,DTC,5-Jun-23,,0.55510639,BORTEZOMIB,rxcui:358258,BORTEZOMIB,True,False,True
IKBKE,hgnc:14552,IKBKE,DTC,5-Jun-23,,0.05617148,ILORASERTIB,ncit:C116729,ILORASERTIB,False,False,True
MYLK,hgnc:7590,MYLK,DTC,5-Jun-23,inhibitor,1.685144397,TOZASERTIB,ncit:C98053,TOZASERTIB,False,False,True
DRD2,hgnc:3023,DRD2,DTC,5-Jun-23,,0.040114689,CLOZAPINE,rxcui:2626,CLOZAPINE,True,False,False
PRKX,hgnc:9441,PRKX,DTC,5-Jun-23,,0.068741322,PHA-767491,drugbank:DB17043,PHA-767491,False,False,False
PSMD11,hgnc:9556,PSMD11,MyCancerGenome,20-Jun-17,other/unknown,0.55510639,BORTEZOMIB,rxcui:358258,BORTEZOMIB,True,False,True
PSMD11,hgnc:9556,PSMD11,MyCancerGenome,20-Jun-17,other/unknown,0.799729544,CARFILZOMIB,rxcui:1302966,CARFILZOMIB,True,False,True
MAP2K3,hgnc:6843,MAP2K3,MyCancerGenomeClinicalTrial,30-Feburary-2014,inhibitor,0.14893953,TRAMETINIB,rxcui:1425098,TRAMETINIB DIMETHYL SULFOXIDE,True,False,True
DRD2,hgnc:3023,DRD2,NCI,14-Sep-17,,0.040114689,CLOZAPINE,rxcui:2626,CLOZAPINE,True,False,False
NOS1,hgnc:7872,NOS1,NCI,14-Sep-17,,0.357454872,BENZODIAZEPINE,ncit:C1012,BENZODIAZEPINE,False,False,False
NOS1,hgnc:7872,NOS1,NCI,14-Sep-17,,0.335113943,DEXTRAN SULFATE SODIUM,ncit:C1284,DEXTRAN SULFATE SODIUM,False,False,False
NOS1,hgnc:7872,NOS1,NCI,14-Sep-17,,0.357454872,GINKGO BILOBA,rxcui:236809,GINKGO BILOBA EXTRACT,True,False,False
SLC2A1,hgnc:11005,SLC2A1,NCI,14-Sep-17,,0.295639368,ROSIGLITAZONE,rxcui:84108,ROSIGLITAZONE,True,False,False
TYMS,hgnc:12441,TYMS,NCI,14-Sep-17,,0.30480648,INTERFERON GAMMA,rxcui:1421648,GAMMA-INTERFERON,False,False,False
CD44,hgnc:1681,CD44,PharmGKB,5-Jun-23,,0.100820605,acetaminophen,rxcui:161,ACETAMINOPHEN,True,False,False
BMP7,hgnc:1074,BMP7,PharmGKB,5-Jun-23,,0.040958371,doxorubicin,rxcui:142433,DOXORUBICIN HYDROCHLORIDE,True,False,True
CFH,hgnc:4883,CFH,PharmGKB,5-Jun-23,,5.361823081,eculizumab,rxcui:591781,ECULIZUMAB,True,True,False
TYMS,hgnc:12441,TYMS,PharmGKB,5-Jun-23,,1.37162916,tegafur,rxcui:4582,TEGAFUR,True,False,True
UNIPROT:P14416,hgnc:3023,DRD2,TdgClinicalTrial,14-Jan,,0.355301529,APLINDORE,ncit:C77563,APLINDORE,False,False,False
UNIPROT:P14416,hgnc:3023,DRD2,TdgClinicalTrial,14-Jan,,0.101514723,APOMORPHINE,rxcui:1043,APOMORPHINE,True,False,False
UNIPROT:P14416,hgnc:3023,DRD2,TdgClinicalTrial,14-Jan,,0.096900417,PALIPERIDONE,rxcui:679314,PALIPERIDONE,True,False,False
UNIPROT:P14416,hgnc:3023,DRD2,TdgClinicalTrial,14-Jan,,0.152272084,PARDOPRUNOX,ncit:C80765,PARDOPRUNOX,False,False,False
UNIPROT:P50416,hgnc:2328,CPT1A,TdgClinicalTrial,14-Jan,,3.686253369,PROPIONYL-L-CARNITINE,drugbank:DB15980,LEVOCARNITINE PROPIONATE,False,False,False
UNIPROT:P14416,hgnc:3023,DRD2,TdgClinicalTrial,14-Jan,,0.071060306,FLUPHENAZINE,rxcui:203207,FLUPHENAZINE HYDROCHLORIDE,True,False,False
UNIPROT:P14416,hgnc:3023,DRD2,TdgClinicalTrial,14-Jan,,0.129200556,FLUPENTHIXOL,rxcui:4495,FLUPENTHIXOL,False,False,False
UNIPROT:P14416,hgnc:3023,DRD2,TdgClinicalTrial,14-Jan,,0.064600278,THIORIDAZINE,rxcui:10502,THIORIDAZINE,True,False,False
UNIPROT:P04818,hgnc:12441,TYMS,TEND,1-Aug-11,,0.088492204,LEUCOVORIN,rxcui:225852,LEUCOVORIN CALCIUM,True,False,True
UNIPROT:P14416,hgnc:3023,DRD2,TEND,1-Aug-11,,0.096900417,PALIPERIDONE,rxcui:679314,PALIPERIDONE,True,False,False
UNIPROT:P14416,hgnc:3023,DRD2,TEND,1-Aug-11,,0.213180918,ROTIGOTINE,rxcui:616739,ROTIGOTINE,True,False,False
DOPAMINE D2 RECEPTOR,hgnc:3023,DRD2,TTD,2020.06.01,,0.355301529,YKP-1358,drugbank:DB06109,YKP-1358,False,False,False
DOPAMINE D2 RECEPTOR,hgnc:3023,DRD2,TTD,2020.06.01,,0.118433843,Aripiprazole,rxcui:1673265,ARIPIPRAZOLE LAUROXIL,True,False,False
DOPAMINE D2 RECEPTOR,hgnc:3023,DRD2,TTD,2020.06.01,,0.355301529,Carmoxirole,ncit:C81077,CARMOXIROLE,False,False,False
DOPAMINE D2 RECEPTOR,hgnc:3023,DRD2,TTD,2020.06.01,,0.050757361,Levomepromazine,rxcui:6852,METHOTRIMEPRAZINE,True,False,False
DOPAMINE D2 RECEPTOR,hgnc:3023,DRD2,TTD,2020.06.01,,0.064600278,Thioridazine,rxcui:10502,THIORIDAZINE,True,False,False
DRD2,hgnc:3023,DRD2,ChEMBL,32,inhibitor,0.118433843,CARPHENAZINE MALEATE,ncit:C65289,CARPHENAZINE MALEATE,True,False,False
SOLUBLE EPOXIDE HYDROLASE,hgnc:3402,EPHX2,TTD,2020.06.01,,12.63858298,AR9281,chembl:CHEMBL436774,AR9281,False,False,False
UNIPROT:P04818,hgnc:12441,TYMS,TdgClinicalTrial,14-Jan,,0.088492204,LEUCOVORIN,rxcui:225852,LEUCOVORIN CALCIUM,True,False,True
TYMS,hgnc:12441,TYMS,PharmGKB,5-Jun-23,,0.195947023,hydroxychloroquine,rxcui:5521,HYDROXYCHLOROQUINE,True,False,False
NOS1,hgnc:7872,NOS1,ChEMBL,32,inhibitor,0.127662454,TILARGININE,ncit:C1178,TILARGININE,False,False,False
DRD2,hgnc:3023,DRD2,ChEMBL,32,inhibitor,0.177650765,THIOTHIXENE,rxcui:10510,THIOTHIXENE,True,False,False
DRD2,hgnc:3023,DRD2,ChEMBL,32,inhibitor,0.071060306,PERPHENAZINE,rxcui:8076,PERPHENAZINE,True,False,False
DRD2,hgnc:3023,DRD2,ChEMBL,32,agonist,0.118433843,PRAMIPEXOLE DIHYDROCHLORIDE,rxcui:236747,PRAMIPEXOLE DIHYDROCHLORIDE,True,False,False
DRD2,hgnc:3023,DRD2,ChEMBL,32,inhibitor,0.02090009,CHLORPROMAZINE HYDROCHLORIDE,rxcui:104728,CHLORPROMAZINE HYDROCHLORIDE,True,False,False
DRD2,hgnc:3023,DRD2,ChEMBL,32,inhibitor,0.071060306,LOXAPINE HYDROCHLORIDE,rxcui:91138,LOXAPINE HYDROCHLORIDE,True,False,False
ATR,hgnc:882,ATR,ChEMBL,32,inhibitor,2.407349139,BERZOSERTIB,ncit:C116355,BERZOSERTIB,False,False,False
DRD2,hgnc:3023,DRD2,ChEMBL,32,inhibitor,0.236867686,BLONANSERIN,ncit:C95920,BLONANSERIN,False,False,False
ATR,hgnc:882,ATR,ChEMBL,32,inhibitor,8.425721985,M4344,chembl:CHEMBL4650286,M4344,False,False,False
IKBKE,hgnc:14552,IKBKE,DTC,5-Jun-23,,0.066269723,DOVITINIB,ncit:C76199,DOVITINIB,False,False,True
PRKX,hgnc:9441,PRKX,DTC,5-Jun-23,,0.0436243,PF-562271,iuphar.ligand:9381,PF-562271,False,False,True
IKBKE,hgnc:14552,IKBKE,DTC,5-Jun-23,,0.134045577,681640,chembl:CHEMBL379975,CHEMBL:CHEMBL379975,False,False,False
MAP2K3,hgnc:6843,MAP2K3,MyCancerGenomeClinicalTrial,30-Feburary-2014,inhibitor,0.59575812,BAY869766,ncit:C74059,REFAMETINIB,False,False,True
CD44,hgnc:1681,CD44,NCI,14-Sep-17,,1.00820605,INTERFERON GAMMA,rxcui:1421648,GAMMA-INTERFERON,False,False,False
NOS1,hgnc:7872,NOS1,NCI,14-Sep-17,,0.03885379,ANTIDEPRESSANTS,ncit:C265,ANTIDEPRESSANT AGENT,False,False,False
NOS1,hgnc:7872,NOS1,NCI,14-Sep-17,,0.031355691,RAPAMYCIN,rxcui:35302,SIROLIMUS,True,True,True
TYMS,hgnc:12441,TYMS,NCI,14-Sep-17,,0.074142117,HYDROCORTISONE,rxcui:103468,HYDROCORTISONE BUTYRATE,True,False,False
TYMS,hgnc:12441,TYMS,PharmGKB,5-Jun-23,,0.092991807,irinotecan,rxcui:153329,IRINOTECAN HYDROCHLORIDE,True,False,True
UNIPROT:P22894,hgnc:7175,MMP8,TdgClinicalTrial,14-Jan,,0.300918642,COLLAGENASE,rxcui:2475861,COLLAGENASE CLOSTRIDIUM HISTOLYTICUM-AAES,True,False,False
UNIPROT:P18564,hgnc:6161,ITGB6,TdgClinicalTrial,14-Jan,,3.276669661,GLPG0187,ncit:C96223,INTEGRIN RECEPTOR ANTAGONIST GLPG0187,False,False,False
UNIPROT:P14416,hgnc:3023,DRD2,TdgClinicalTrial,14-Jan,,0.355301529,MOLINDONE,rxcui:7019,MOLINDONE,True,False,False
UNIPROT:P14416,hgnc:3023,DRD2,TEND,1-Aug-11,,0.266476147,CARPHENAZINE,ncit:C73285,CARPHENAZINE,True,False,False
UNIPROT:P14416,hgnc:3023,DRD2,TEND,1-Aug-11,,0.355301529,MOLINDONE,rxcui:7019,MOLINDONE,True,False,False
DOPAMINE D2 RECEPTOR,hgnc:3023,DRD2,TTD,2020.06.01,,0.01480423,Methamphetamine,rxcui:6816,METHAMPHETAMINE,True,False,False
DOPAMINE D2 RECEPTOR,hgnc:3023,DRD2,TTD,2020.06.01,,0.177650765,Thiothixene,rxcui:10510,THIOTHIXENE,True,False,False
NOS1,hgnc:7872,NOS1,NCI,14-Sep-17,,0.14893953,ENZYME INHIBITOR,ncit:C471,ENZYME INHIBITOR,False,False,False
IKBKE,hgnc:14552,IKBKE,DTC,5-Jun-23,,0.050844874,CENISERTIB,ncit:C64540,CENISERTIB,False,False,True
SERINE/THREONINE-PROTEIN KINASE ATR,hgnc:882,ATR,TTD,2020.06.01,,8.425721985,M4344,chembl:CHEMBL4650286,M4344,False,False,False
IKBKE,hgnc:14552,IKBKE,DTC,5-Jun-23,,0.060804179,CYC-116,chembl:CHEMBL482967,CYC-116,False,False,False
DRD2,hgnc:3023,DRD2,ChEMBL,32,agonist,0.118433843,ONZIGOLIDE,ncit:C88345,ONZIGOLIDE,False,False,False
PSMD11,hgnc:9556,PSMD11,ChEMBL,32,inhibitor,0.28770758,IXAZOMIB,rxcui:1723735,IXAZOMIB,True,False,False
BMX,hgnc:1079,BMX,DTC,5-Jun-23,,5.89800539,CANERTINIB,ncit:C77588,CANERTINIB,False,False,True
DOPAMINE D2 RECEPTOR,hgnc:3023,DRD2,TTD,2020.06.01,,0.027330887,Phenylephrine,rxcui:8163,PHENYLEPHRINE,True,False,False
ATR,hgnc:882,ATR,CGI,5-Jun-23,,0.216044153,Olaparib,rxcui:1597582,OLAPARIB,True,False,True
MMP8,hgnc:7175,MMP8,ChEMBL,32,inhibitor,0.382987363,DOXYCYCLINE,rxcui:1545992,DOXYCYCLINE ANHYDROUS,True,False,True
DRD2,hgnc:3023,DRD2,ChEMBL,32,agonist,0.050757361,PERGOLIDE MESYLATE,rxcui:8048,PERGOLIDE MESYLATE,True,False,False
DRD2,hgnc:3023,DRD2,ChEMBL,32,inhibitor,0.236867686,DROPERIDOL,rxcui:3648,DROPERIDOL,True,False,False
PSMD11,hgnc:9556,PSMD11,ChEMBL,32,inhibitor,0.302461815,OPROZOMIB,ncit:C91388,OPROZOMIB,False,False,False
DRD2,hgnc:3023,DRD2,ChEMBL,32,inhibitor,0.355301529,VERALIPRIDE,rxcui:39468,VERALIPRIDE,True,False,False
PTPRC,hgnc:9666,PTPRC,ChEMBL,32,binder,3.276669661,BC8 131I,chembl:CHEMBL2109630,BC8 131I,False,False,False
MMP8,hgnc:7175,MMP8,ChEMBL,32,inhibitor,1.203674569,CTS-1027,drugbank:DB08490,CTS-1027,False,False,False
TYMS,hgnc:12441,TYMS,ClearityFoundationClinicalTrial,15-Jun-13,inhibitor,0.433146051,MLS003106905,rxcui:282443,PEMETREXED DISODIUM,True,False,True
CYBB,hgnc:2578,CYBB,DTC,5-Jun-23,,1.228751123,LUTEOLIN,drugbank:DB15584,LUTEOLIN,False,False,False
CYBB,hgnc:2578,CYBB,DTC,5-Jun-23,,2.808573995,CHRYSIN,rxcui:1362888,CHRYSIN,True,False,False
PRKX,hgnc:9441,PRKX,DTC,5-Jun-23,,0.103111982,GSK-269962A,drugbank:DB17030,GSK-269962A,False,False,False
PRKX,hgnc:9441,PRKX,DTC,5-Jun-23,,0.039111442,CENISERTIB,ncit:C64540,CENISERTIB,False,False,True
PRKX,hgnc:9441,PRKX,DTC,5-Jun-23,,0.116331467,GW843682X,chembl:CHEMBL514499,GW843682X,False,False,False
CD44,hgnc:1681,CD44,NCI,14-Sep-17,,0.60492363,TUMOR NECROSIS FACTOR,ncit:C1941,RECOMBINANT TUMOR NECROSIS FACTOR FAMILY PROTEIN,False,False,False
CD44,hgnc:1681,CD44,NCI,14-Sep-17,,0.697988804,GP-120,ncit:C29554,GP-120 ANTIGEN,False,False,False
MAP2K3,hgnc:6843,MAP2K3,NCI,14-Sep-17,,0.624127554,ROSIGLITAZONE,rxcui:84108,ROSIGLITAZONE,True,False,False
NOS1,hgnc:7872,NOS1,NCI,14-Sep-17,,0.105133786,CLARITHROMYCIN,rxcui:21212,CLARITHROMYCIN,True,False,False
NOS1,hgnc:7872,NOS1,NCI,14-Sep-17,,0.111704648,ENALAPRIL,rxcui:203123,ENALAPRIL MALEATE,True,False,False
NOS1,hgnc:7872,NOS1,NCI,14-Sep-17,,0.085108303,ROSIGLITAZONE,rxcui:84108,ROSIGLITAZONE,True,False,False
NOS1,hgnc:7872,NOS1,NCI,14-Sep-17,,0.119151624,ESTROGEN ANTAGONIST,ncit:C481,ANTIESTROGEN,False,False,False
SLC2A1,hgnc:11005,SLC2A1,NCI,14-Sep-17,,3.104213363,BASIC FIBROBLAST GROWTH FACTOR,drugbank:DB14131,BASIC FIBROBLAST GROWTH FACTOR,False,False,False
TYMS,hgnc:12441,TYMS,NCI,14-Sep-17,,0.91441944,ANTIFOLATES,ncit:C511,FOLATE ANTAGONIST,False,False,False
UTRN,hgnc:12635,UTRN,NCI,14-Sep-17,,4.915004491,ENZYME INHIBITOR,ncit:C471,ENZYME INHIBITOR,False,False,False
DRD2,hgnc:3023,DRD2,PharmGKB,5-Jun-23,,0.355301529,rasagiline,rxcui:134748,RASAGILINE,True,False,False
NOS1,hgnc:7872,NOS1,PharmGKB,5-Jun-23,,0.012411628,doxorubicin,rxcui:142433,DOXORUBICIN HYDROCHLORIDE,True,False,True
UNIPROT:P14416,hgnc:3023,DRD2,TdgClinicalTrial,14-Jan,,0.08360036,ILOPERIDONE,rxcui:73178,ILOPERIDONE,True,False,False
UNIPROT:P14416,hgnc:3023,DRD2,TEND,1-Aug-11,,0.133238074,TRIFLUPROMAZINE,rxcui:10805,TRIFLUPROMAZINE,True,False,False
DOPAMINE D2 RECEPTOR,hgnc:3023,DRD2,TTD,2020.06.01,,0.355301529,Denopamine,ncit:C77934,DENOPAMINE,False,False,False
DOPAMINE D2 RECEPTOR,hgnc:3023,DRD2,TTD,2020.06.01,,0.050757361,Metaraminol,rxcui:6805,METARAMINOL,True,False,False
DOPAMINE D2 RECEPTOR,hgnc:3023,DRD2,TTD,2020.06.01,,0.284241224,Domperidone,rxcui:3626,DOMPERIDONE,True,False,False
DOPAMINE D2 RECEPTOR,hgnc:3023,DRD2,TTD,2020.06.01,,0.284241224,Lurasidone hydrochloride,rxcui:1040027,LURASIDONE HYDROCHLORIDE,True,False,False
TYMS,hgnc:12441,TYMS,CIViC,5-Jun-23,,0.433146051,PEMETREXED,rxcui:282443,PEMETREXED DISODIUM,True,False,True
NOS1,hgnc:7872,NOS1,NCI,14-Sep-17,,0.09929302,DHEA,rxcui:3143,PRASTERONE,True,False,False
DRD2,hgnc:3023,DRD2,PharmGKB,5-Jun-23,,2.131809177,cabergoline,rxcui:47579,CABERGOLINE,True,False,False
SI,hgnc:10856,SI,NCI,14-Sep-17,,0.200612428,DEXAMETHASONE,rxcui:3264,DEXAMETHASONE,True,False,True
UNIPROT:P14416,hgnc:3023,DRD2,TdgClinicalTrial,14-Jan,,0.133238074,TRIFLUPROMAZINE,rxcui:10805,TRIFLUPROMAZINE,True,False,False
UNIPROT:P14416,hgnc:3023,DRD2,TEND,1-Aug-11,,0.177650765,REMOXIPRIDE,rxcui:35350,REMOXIPRIDE,True,False,False
UNIPROT:P14416,hgnc:3023,DRD2,TEND,1-Aug-11,,2.131809177,CABERGOLINE,rxcui:47579,CABERGOLINE,True,False,False
UNIPROT:P78552,hgnc:5974,IL13RA1,TdgClinicalTrial,14-Jan,,39.32003593,CINTREDEKIN BESUDOTOX,ncit:C2599,CINTREDEKIN BESUDOTOX,False,False,False
DOPAMINE D2 RECEPTOR,hgnc:3023,DRD2,TTD,2020.06.01,,0.045845359,Haloperidol,rxcui:26420,HALOPERIDOL DECANOATE,True,False,False
DRD2,hgnc:3023,DRD2,ChEMBL,32,inhibitor,0.177650765,REMOXIPRIDE,rxcui:35350,REMOXIPRIDE,True,False,False
NOS1,hgnc:7872,NOS1,PharmGKB,5-Jun-23,,0.008430539,fluorouracil,rxcui:4492,FLUOROURACIL,True,False,True
TYMS,hgnc:12441,TYMS,ChEMBL,32,inhibitor,0.433146051,PEMETREXED DISODIUM,rxcui:282443,PEMETREXED DISODIUM,True,False,True
DOPAMINE D2 RECEPTOR,hgnc:3023,DRD2,TTD,2020.06.01,,0.02090009,Pseudoephedrine,rxcui:8896,PSEUDOEPHEDRINE,True,False,False
ATR,hgnc:882,ATR,ClearityFoundationBiomarkers,26-Jul-13,,0.200612428,BMN673,rxcui:2099704,TALAZOPARIB,True,False,True
NOS1,hgnc:7872,NOS1,NCI,14-Sep-17,,0.44681859,TIRAPAZAMINE,ncit:C1464,TIRAPAZAMINE,False,False,False
DRD2,hgnc:3023,DRD2,PharmGKB,5-Jun-23,,0.012251777,caffeine,rxcui:1886,CAFFEINE,True,False,False
DOPAMINE D2 RECEPTOR,hgnc:3023,DRD2,TTD,2020.06.01,,0.203029445,Chlorprothixene,rxcui:2406,CHLORPROTHIXENE,True,False,False
MMP8,hgnc:7175,MMP8,ChEMBL,32,inhibitor,0.382987363,DOXYCYCLINE HYCLATE,rxcui:1545992,DOXYCYCLINE ANHYDROUS,True,False,True
DRD2,hgnc:3023,DRD2,ChEMBL,32,inhibitor,0.284241224,LURASIDONE HYDROCHLORIDE,rxcui:1040027,LURASIDONE HYDROCHLORIDE,True,False,False
TYMS,hgnc:12441,TYMS,ChEMBL,32,inhibitor,1.60023402,RALTITREXED,rxcui:196239,RALTITREXED,True,False,True
DRD2,hgnc:3023,DRD2,ChEMBL,32,inhibitor,0.236867686,SULPIRIDE,rxcui:10239,SULPIRIDE,True,False,False
DRD2,hgnc:3023,DRD2,ChEMBL,32,inhibitor,0.355301529,ALIZAPRIDE,rxcui:17311,ALIZAPRIDE,False,False,False
TYMS,hgnc:12441,TYMS,ChEMBL,32,inhibitor,0.68581458,NOLATREXED,ncit:C143088,NOLATREXED,False,False,False
DRD2,hgnc:3023,DRD2,ChEMBL,32,inhibitor,0.236867686,LEVOSULPIRIDE,rxcui:10239,SULPIRIDE,True,False,False
ATR,hgnc:882,ATR,ClearityFoundationBiomarkers,26-Jul-13,,0.2808574,VELIPARIB,ncit:C60768,VELIPARIB,False,False,True
DRD2,hgnc:3023,DRD2,DTC,5-Jun-23,,0.355301529,STEPHOLIDINE,iuphar.ligand:8370,(-)-STEPHOLIDINE,False,False,False
DRD2,hgnc:3023,DRD2,DTC,5-Jun-23,,0.04180018,RISPERIDONE,rxcui:35636,RISPERIDONE,True,False,False
PRKX,hgnc:9441,PRKX,DTC,5-Jun-23,,0.0872486,PD-0166285,chembl:CHEMBL3545196,PD-0166285,False,False,False
DRD2,hgnc:3023,DRD2,DTC,5-Jun-23,,0.236867686,SULPIRIDE,rxcui:10239,SULPIRIDE,True,False,False
NOS1,hgnc:7872,NOS1,NCI,14-Sep-17,,,ANTI-INFLAMMATORY DRUGS,,,,,
NOS1,hgnc:7872,NOS1,NCI,14-Sep-17,,0.021277076,RETINOIC ACID,rxcui:10753,TRETINOIN,True,False,True
NOS1,hgnc:7872,NOS1,NCI,14-Sep-17,,0.162479487,MUSTARD,rxcui:6674,MECHLORETHAMINE,True,False,False
NOS1,hgnc:7872,NOS1,NCI,14-Sep-17,,0.055852324,TRIIODOTHYRONINE,rxcui:10814,LIOTHYRONINE,True,False,False
S100A12,hgnc:10489,S100A12,NCI,14-Sep-17,,0.240734914,METHOTREXATE,rxcui:6851,METHOTREXATE,True,False,True
SI,hgnc:10856,SI,NCI,14-Sep-17,,,TOTAL PARENTERAL NUTRITION,,,,,
SLC2A1,hgnc:11005,SLC2A1,NCI,14-Sep-17,,0.182600786,GLUCOCORTICOID,ncit:C521,THERAPEUTIC GLUCOCORTICOID,False,False,True
SLC2A1,hgnc:11005,SLC2A1,NCI,14-Sep-17,,0.258684447,TCDD,iuphar.ligand:9642,TCDD,False,False,False
THBS4,hgnc:11788,THBS4,NCI,14-Sep-17,,5.361823081,VASOPRESSIN,rxcui:1098,ARGIPRESSIN,True,False,False
TYMS,hgnc:12441,TYMS,NCI,14-Sep-17,,2.743258321,9-AC,ncit:C1488,AMINOCAMPTOTHECIN,False,False,False
DRD2,hgnc:3023,DRD2,PharmGKB,5-Jun-23,,,"Antiinflammatory agents, non-steroids",,,,,
DRD2,hgnc:3023,DRD2,PharmGKB,5-Jun-23,,0.118433843,Ergot alkaloids,rxcui:4023,ERGOT ALKALOIDS,False,False,False
DRD2,hgnc:3023,DRD2,PharmGKB,5-Jun-23,,0.186110325,chlorpromazine,rxcui:2403,CHLORPROMAZINE,True,False,False
DRD2,hgnc:3023,DRD2,PharmGKB,5-Jun-23,,0.011843384,propofol,rxcui:8782,PROPOFOL,True,False,False
TYMS,hgnc:12441,TYMS,PharmGKB,5-Jun-23,,0.070339957,azathioprine,rxcui:1256,AZATHIOPRINE,True,False,True
UNIPROT:P16070,hgnc:1681,CD44,TdgClinicalTrial,14-Jan,,1.512309074,HYALURONAN,rxcui:5463,HYALURONIC ACID,True,False,False
UNIPROT:P14416,hgnc:3023,DRD2,TdgClinicalTrial,14-Jan,,0.444126912,ROPINIROLE,rxcui:72302,ROPINIROLE,True,False,False
UNIPROT:P14416,hgnc:3023,DRD2,TdgClinicalTrial,14-Jan,,0.022558827,OLANZAPINE,rxcui:61381,OLANZAPINE,True,False,False
UNIPROT:P14416,hgnc:3023,DRD2,TdgClinicalTrial,14-Jan,,0.04180018,RISPERDAL,rxcui:35636,RISPERIDONE,True,False,False
UNIPROT:P14416,hgnc:3023,DRD2,TdgClinicalTrial,14-Jan,,0.096900417,SERTINDOLE,rxcui:41996,SERTINDOLE,True,False,False
UNIPROT:P14416,hgnc:3023,DRD2,TdgClinicalTrial,14-Jan,,0.266476147,MESORIDAZINE,rxcui:6779,MESORIDAZINE,True,False,False
UNIPROT:P14416,hgnc:3023,DRD2,TdgClinicalTrial,14-Jan,,0.096900417,THIETHYLPERAZINE,rxcui:10471,THIETHYLPERAZINE,True,False,False
UNIPROT:P14416,hgnc:3023,DRD2,TEND,1-Aug-11,,0.056848245,AMISULPRIDE,rxcui:46303,AMISULPRIDE,True,False,False
UNIPROT:P14416,hgnc:3023,DRD2,TEND,1-Aug-11,,0.04180018,PROMAZINE,rxcui:8742,PROMAZINE,True,False,False
UNIPROT:P14416,hgnc:3023,DRD2,TEND,1-Aug-11,,0.236867686,SULPIRIDE,rxcui:10239,SULPIRIDE,True,False,False
DOPAMINE D2 RECEPTOR,hgnc:3023,DRD2,TTD,2020.06.01,,,Lu-02-750,,,,,
DOPAMINE D2 RECEPTOR,hgnc:3023,DRD2,TTD,2020.06.01,,,DSP-1200,,,,,
DOPAMINE D2 RECEPTOR,hgnc:3023,DRD2,TTD,2020.06.01,,,Lu AF35700,,,,,
DOPAMINE D2 RECEPTOR,hgnc:3023,DRD2,TTD,2020.06.01,,0.355301529,Dihydroergotoxine,rxcui:3419,DIHYDROERGOTOXINE,False,False,False
DOPAMINE D2 RECEPTOR,hgnc:3023,DRD2,TTD,2020.06.01,,,XP-21279,,,,,
DOPAMINE D2 RECEPTOR,hgnc:3023,DRD2,TTD,2020.06.01,,,Benzo[d]oxazol-2(3H)-one derivative 2,,,,,
DOPAMINE D2 RECEPTOR,hgnc:3023,DRD2,TTD,2020.06.01,,,PMID29334795-Compound-62,,,,,
DOPAMINE D2 RECEPTOR,hgnc:3023,DRD2,TTD,2020.06.01,,,PMID29334795-Compound-67,,,,,
DOPAMINE D2 RECEPTOR,hgnc:3023,DRD2,TTD,2020.06.01,,,Aryl piperazine derivative 1,,,,,
DOPAMINE D2 RECEPTOR,hgnc:3023,DRD2,TTD,2020.06.01,,,Meglitinides,,,,,
DOPAMINE D2 RECEPTOR,hgnc:3023,DRD2,TTD,2020.06.01,,,RP5063,,,,,
NOS1,hgnc:7872,NOS1,NCI,14-Sep-17,,1.78727436,ANTI-ULCER AGENT,ncit:C29701,ANTI-ULCER AGENT,False,False,False
UNIPROT:P14416,hgnc:3023,DRD2,TdgClinicalTrial,14-Jan,,0.050757361,MELEVODOPA,ncit:C83927,MELEVODOPA,True,False,False
MAP2K3,hgnc:6843,MAP2K3,MyCancerGenomeClinicalTrial,30-Feburary-2014,inhibitor,0.409583708,GDC-0973,rxcui:1722365,COBIMETINIB,True,False,True
UNIPROT:P14416,hgnc:3023,DRD2,TEND,1-Aug-11,,0.031350135,LEVODOPA,rxcui:6375,LEVODOPA,True,False,False
UNIPROT:P04818,hgnc:12441,TYMS,TEND,1-Aug-11,,1.60023402,RALTITREXED,rxcui:196239,RALTITREXED,True,False,True
UNIPROT:P14416,hgnc:3023,DRD2,TEND,1-Aug-11,,0.266476147,MESORIDAZINE,rxcui:6779,MESORIDAZINE,True,False,False
UNIPROT:P54760,hgnc:3395,EPHB4,TdgClinicalTrial,14-Jan,,10.53215248,XL647,ncit:C62496,TESEVATINIB,False,False,True
UNIPROT:P14416,hgnc:3023,DRD2,TEND,1-Aug-11,,0.096900417,SERTINDOLE,rxcui:41996,SERTINDOLE,True,False,False
UNIPROT:P14416,hgnc:3023,DRD2,TdgClinicalTrial,14-Jan,,0.118433843,BUSPIRONE,rxcui:1827,BUSPIRONE,True,False,False
DRD2,hgnc:3023,DRD2,PharmGKB,5-Jun-23,,0.071060306,Analgesics,ncit:C241,ANALGESIC AGENT,False,False,False
MAP2K3,hgnc:6843,MAP2K3,MyCancerGenomeClinicalTrial,30-Feburary-2014,inhibitor,0.204791854,AZD6244,rxcui:2289380,SELUMETINIB,True,False,True
DRD2,hgnc:3023,DRD2,ChEMBL,32,inhibitor,0.059216922,PROCHLORPERAZINE,rxcui:8704,PROCHLORPERAZINE,True,False,False
DRD2,hgnc:3023,DRD2,ChEMBL,32,inhibitor,0.177650765,ASENAPINE MALEATE,rxcui:860647,ASENAPINE MALEATE,True,False,False
DRD2,hgnc:3023,DRD2,ChEMBL,32,inhibitor,0.096900417,PALIPERIDONE PALMITATE,rxcui:679314,PALIPERIDONE,True,False,False
TYMS,hgnc:12441,TYMS,ChEMBL,32,inhibitor,0.064699489,FLUOROURACIL,rxcui:4492,FLUOROURACIL,True,False,True
DRD2,hgnc:3023,DRD2,ChEMBL,32,inhibitor,0.029608461,AMOXAPINE,rxcui:722,AMOXAPINE,True,False,False
DRD2,hgnc:3023,DRD2,ChEMBL,32,agonist,0.101514723,APOMORPHINE HYDROCHLORIDE,rxcui:1043,APOMORPHINE,True,False,False
DRD2,hgnc:3023,DRD2,ChEMBL,32,inhibitor,0.059216922,LOXAPINE SUCCINATE,rxcui:6476,LOXAPINE SUCCINATE,True,False,False
DRD2,hgnc:3023,DRD2,ChEMBL,32,inhibitor,0.032300139,TRIFLUOPERAZINE HYDROCHLORIDE,rxcui:91130,TRIFLUOPERAZINE HYDROCHLORIDE,True,False,False
DRD2,hgnc:3023,DRD2,ChEMBL,32,agonist,0.213180918,BREXPIPRAZOLE,rxcui:1658314,BREXPIPRAZOLE,True,False,False
DRD2,hgnc:3023,DRD2,ChEMBL,32,modulator,0.177650765,CARIPRAZINE HYDROCHLORIDE,rxcui:1721073,CARIPRAZINE HYDROCHLORIDE,True,False,False
DRD2,hgnc:3023,DRD2,ChEMBL,32,inhibitor,0.177650765,LUMATEPERONE,rxcui:2275602,LUMATEPERONE,True,False,False
DRD2,hgnc:3023,DRD2,ChEMBL,32,agonist,0.118433843,BIFEPRUNOX,ncit:C65262,BIFEPRUNOX,False,False,False
EPHX2,hgnc:3402,EPHX2,ChEMBL,32,inhibitor,16.85144397,GSK2256294,iuphar.ligand:9718,GSK2256294,False,False,False
TYMS,hgnc:12441,TYMS,ChEMBL,32,inhibitor,1.37162916,TEGAFUR,rxcui:4582,TEGAFUR,True,False,True
DRD2,hgnc:3023,DRD2,ChEMBL,32,inhibitor,0.177650765,TRAZPIROBEN,ncit:C171664,TRAZPIROBEN,False,False,False
TYMS,hgnc:12441,TYMS,ClearityFoundationClinicalTrial,15-Jun-13,inhibitor,0.064699489,FLUOROURACIL,rxcui:4492,FLUOROURACIL,True,False,True
TYMS,hgnc:12441,TYMS,ClearityFoundationClinicalTrial,15-Jun-13,inhibitor,0.121026102,CAPECITABINE,rxcui:194000,CAPECITABINE,True,False,True
TYMS,hgnc:12441,TYMS,ClearityFoundationClinicalTrial,15-Jun-13,inhibitor,0.064699489,5-FLUOROURACIL,rxcui:4492,FLUOROURACIL,True,False,True
RASGRP3,hgnc:14545,RASGRP3,DTC,5-Jun-23,,11.79601078,"[3H]-PHORBOL 12,13-DIBUTYRATE",chembl:CHEMBL27768,CHEMBL:CHEMBL27768,False,False,False
SLC2A1,hgnc:11005,SLC2A1,DTC,5-Jun-23,,6.208426726,LIPOIC ACID,rxcui:6417,THIOCTIC ACID,True,False,False
NOS1,hgnc:7872,NOS1,NCI,14-Sep-17,,0.44681859,DIETHYLDITHIOCARBAMIC ACID,ncit:C432,DITIOCARB,False,False,False
NOS1,hgnc:7872,NOS1,NCI,14-Sep-17,,0.14893953,NIMESULIDE,rxcui:53694,NIMESULIDE,False,False,False
SLC2A1,hgnc:11005,SLC2A1,NCI,14-Sep-17,,0.147819684,17 BETA-ESTRADIOL,rxcui:24395,ESTRADIOL VALERATE,True,False,False
BMP7,hgnc:1074,BMP7,PharmGKB,5-Jun-23,,0.060183728,methotrexate,rxcui:6851,METHOTREXATE,True,False,True
BMP7,hgnc:1074,BMP7,PharmGKB,5-Jun-23,,0.085478339,daunorubicin,rxcui:3109,DAUNORUBICIN,True,False,True
UNIPROT:P14416,hgnc:3023,DRD2,TdgClinicalTrial,14-Jan,,0.236867686,CARIPRAZINE,rxcui:1667655,CARIPRAZINE,True,False,False
UNIPROT:P14416,hgnc:3023,DRD2,TdgClinicalTrial,14-Jan,,0.236867686,ITOPRIDE,ncit:C65991,ITOPRIDE,False,False,False
UNIPROT:P14416,hgnc:3023,DRD2,TdgClinicalTrial,14-Jan,,0.355301529,YKP-1358,drugbank:DB06109,YKP-1358,False,False,False
UNIPROT:P14416,hgnc:3023,DRD2,TdgClinicalTrial,14-Jan,,0.592169216,PERGOLIDE,rxcui:8047,PERGOLIDE,True,False,False
UNIPROT:P14416,hgnc:3023,DRD2,TEND,1-Aug-11,,0.118433843,ARIPIPRAZOLE,rxcui:1673265,ARIPIPRAZOLE LAUROXIL,True,False,False
UNIPROT:P14416,hgnc:3023,DRD2,TEND,1-Aug-11,,0.592169216,PERGOLIDE,rxcui:8047,PERGOLIDE,True,False,False
DOPAMINE D2 RECEPTOR,hgnc:3023,DRD2,TTD,2020.06.01,,0.088825382,Dapiprazole,rxcui:22298,DAPIPRAZOLE,True,False,False
DOPAMINE D2 RECEPTOR,hgnc:3023,DRD2,TTD,2020.06.01,,0.355301529,BL-1020,drugbank:DB05687,BL-1020,False,False,False
DOPAMINE D2 RECEPTOR,hgnc:3023,DRD2,TTD,2020.06.01,,0.355301529,Lisuride,rxcui:6446,LISURIDE,False,False,False
UNIPROT:P34913,hgnc:3402,EPHX2,TdgClinicalTrial,14-Jan,,12.63858298,AR9281,chembl:CHEMBL436774,AR9281,False,False,False
DOPAMINE D2 RECEPTOR,hgnc:3023,DRD2,TTD,2020.06.01,,0.236867686,Cariprazine,rxcui:1667655,CARIPRAZINE,True,False,False
UNIPROT:P14416,hgnc:3023,DRD2,TdgClinicalTrial,14-Jan,,0.236867686,LOXAPINE,rxcui:6475,LOXAPINE,True,False,False
DRD2,hgnc:3023,DRD2,ChEMBL,32,agonist,0.027330887,ERGOLOID MESYLATES,rxcui:4024,"ERGOLOID MESYLATES, USP",True,False,False
TYMS,hgnc:12441,TYMS,DTC,5-Jun-23,,0.064699489,FLUOROURACIL,rxcui:4492,FLUOROURACIL,True,False,True
SLC2A1,hgnc:11005,SLC2A1,NCI,14-Sep-17,,0.56440243,BFGF,ncit:C1674,RECOMBINANT FIBROBLAST GROWTH FACTOR 2,False,False,False
NOS1,hgnc:7872,NOS1,NCI,14-Sep-17,,0.178727436,HSP70,ncit:C28696,RECOMBINANT 70-KD HEAT-SHOCK PROTEIN,False,False,False
DRD2,hgnc:3023,DRD2,ChEMBL,32,inhibitor,0.355301529,MOLINDONE HYDROCHLORIDE,rxcui:7019,MOLINDONE,True,False,False
DRD2,hgnc:3023,DRD2,ChEMBL,32,inhibitor,0.355301529,FLUPHENAZINE DECANOATE,rxcui:25190,FLUPHENAZINE DECANOATE,True,False,False
PDE8A,hgnc:8793,PDE8A,ChEMBL,32,inhibitor,0.578235823,PENTOXIFYLLINE,rxcui:8013,PENTOXIFYLLINE,True,False,False
DRD2,hgnc:3023,DRD2,ChEMBL,32,modulator,0.355301529,ORDOPIDINE,ncit:C166429,ORDOPIDINE,False,False,False
DRD2,hgnc:3023,DRD2,ChEMBL,32,inhibitor,0.177650765,SB-773812,drugbank:DB16042,SB-773812,False,False,False
ITGB6,hgnc:6161,ITGB6,ChEMBL,32,inhibitor,9.830008983,STX-100,drugbank:DB16334,STX-100,False,False,False
DRD2,hgnc:3023,DRD2,ChEMBL,32,agonist,0.710603059,QUINAGOLIDE,rxcui:76887,QUINAGOLIDE,False,False,False
PTPRC,hgnc:9666,PTPRC,DTC,5-Jun-23,,0.728148814,ALENDRONIC ACID,rxcui:203152,ALENDRONATE SODIUM,True,False,True
MAP2K3,hgnc:6843,MAP2K3,MyCancerGenomeClinicalTrial,30-Feburary-2014,inhibitor,0.344912596,MEK162,rxcui:2049122,BINIMETINIB,True,False,True
NOS1,hgnc:7872,NOS1,NCI,14-Sep-17,,0.14893953,AZITHROMYCIN,rxcui:18631,AZITHROMYCIN,True,False,False
NOS1,hgnc:7872,NOS1,NCI,14-Sep-17,,0.89363718,INTERLEUKIN-1 RECEPTOR ANTAGONIST,ncit:C2486,RECOMBINANT INTERLEUKIN-1 RECEPTOR ANTAGONIST,False,False,False
NOS1,hgnc:7872,NOS1,NCI,14-Sep-17,,0.223409295,DIURETIC,ncit:C448,DIURETIC,False,False,False
PTPRC,hgnc:9666,PTPRC,NCI,14-Sep-17,,0.156031889,OESTRADIOL,rxcui:24395,ESTRADIOL VALERATE,True,False,False
SLC2A1,hgnc:11005,SLC2A1,NCI,14-Sep-17,,0.073909842,RETINOIC ACID,rxcui:10753,TRETINOIN,True,False,True
TYMS,hgnc:12441,TYMS,NCI,14-Sep-17,,0.11430243,MITOMYCIN C,rxcui:632,MITOMYCIN,True,False,True
TYMS,hgnc:12441,TYMS,NCI,14-Sep-17,,0.078378809,INDOMETHACIN,rxcui:5781,INDOMETHACIN,True,False,False
TYMS,hgnc:12441,TYMS,NCI,14-Sep-17,,0.30480648,TPN,drugsatfda.nda:008378,DRUGSATFDA.NDA:008378,False,False,False
BMP7,hgnc:1074,BMP7,PharmGKB,5-Jun-23,,0.21064305,thioguanine,rxcui:10485,THIOGUANINE,True,False,True
TYMS,hgnc:12441,TYMS,PharmGKB,5-Jun-23,,0.119272101,sulfasalazine,rxcui:9524,SULFASALAZINE,True,False,False
UNIPROT:P04818,hgnc:12441,TYMS,TdgClinicalTrial,14-Jan,,1.37162916,ONX 0801,ncit:C120550,IDETREXED,False,False,False
UNIPROT:P46734,hgnc:6843,MAP2K3,TdgClinicalTrial,14-Jan,,0.936191332,WX-554,chembl:CHEMBL3545145,WX-554,False,False,False
UNIPROT:P04818,hgnc:12441,TYMS,TEND,1-Aug-11,,0.391894046,FLOXURIDINE,rxcui:4488,FLOXURIDINE,True,False,True
CALGRANULIN D,hgnc:10489,S100A12,TTD,2020.06.01,,5.89800539,MK-1602,rxcui:2268216,UBROGEPANT,True,False,False
LACTOTRANSFERRIN,hgnc:6720,LTF,TTD,2020.06.01,,14.74501347,Talactoferrin,rxcui:1425932,TALACTOFERRIN ALFA,False,False,False
DOPAMINE D2 RECEPTOR,hgnc:3023,DRD2,TTD,2020.06.01,,0.236867686,Blonanserin,ncit:C95920,BLONANSERIN,False,False,False
SERINE/THREONINE-PROTEIN KINASE ATR,hgnc:882,ATR,TTD,2020.06.01,,2.407349139,VE-822,ncit:C116355,BERZOSERTIB,False,False,False
DOPAMINE D2 RECEPTOR,hgnc:3023,DRD2,TTD,2020.06.01,,0.355301529,Molindone,rxcui:7019,MOLINDONE,True,False,False
ATR,hgnc:882,ATR,JAX-CKB,5-Jun-23,,2.407349139,Berzosertib,ncit:C116355,BERZOSERTIB,False,False,False
DRD2,hgnc:3023,DRD2,PharmGKB,5-Jun-23,,0.025378681,amphetamine,rxcui:3287,DEXTROAMPHETAMINE SULFATE,True,False,False
DOPAMINE D2 RECEPTOR,hgnc:3023,DRD2,TTD,2020.06.01,,0.177650765,Tolazoline,rxcui:10634,TOLAZOLINE,True,False,False
SERINE/THREONINE-PROTEIN KINASE ATR,hgnc:882,ATR,TTD,2020.06.01,,2.407349139,VX-970,ncit:C116355,BERZOSERTIB,False,False,False
UNIPROT:P14416,hgnc:3023,DRD2,TEND,1-Aug-11,,0.067676482,ZIPRASIDONE,rxcui:115698,ZIPRASIDONE,True,False,False
DRD2,hgnc:3023,DRD2,ChEMBL,32,agonist,0.088825382,SARIZOTAN HYDROCHLORIDE,ncit:C76654,SARIZOTAN HYDROCHLORIDE,False,False,False
DOPAMINE D2 RECEPTOR,hgnc:3023,DRD2,TTD,2020.06.01,,0.059216922,ONC201,ncit:C113792,DORDAVIPRONE,False,False,True
UNIPROT:P14416,hgnc:3023,DRD2,TdgClinicalTrial,14-Jan,,0.213180918,ZUCLOPENTHIXOL,rxcui:114176,ZUCLOPENTHIXOL,True,False,False
DRD2,hgnc:3023,DRD2,ChEMBL,32,inhibitor,0.133238074,TRIFLUPROMAZINE,rxcui:10805,TRIFLUPROMAZINE,True,False,False
DRD2,hgnc:3023,DRD2,ChEMBL,32,inhibitor,0.177650765,MESORIDAZINE BESYLATE,rxcui:203186,MESORIDAZINE BESYLATE,True,False,False
EPHB4,hgnc:3395,EPHB4,ChEMBL,32,inhibitor,0.273055805,VANDETANIB,rxcui:1098413,VANDETANIB,True,False,True
DRD2,hgnc:3023,DRD2,ChEMBL,32,agonist,0.710603059,APLINDORE FUMARATE,ncit:C76649,APLINDORE FUMARATE,False,False,False
PTPRC,hgnc:9666,PTPRC,ChEMBL,32,binder,3.276669661,AHN-12,chembl:CHEMBL2109480,AHN-12,False,False,False
SI,hgnc:10856,SI,ChEMBL,32,inhibitor,2.106430496,CELGOSIVIR,ncit:C79567,CELGOSIVIR,False,False,False
NOS1,hgnc:7872,NOS1,ChEMBL,32,inhibitor,0.29787906,TILARGININE ACETATE,ncit:C90899,TILARGININE ACETATE,False,False,False
ATR,hgnc:882,ATR,ClearityFoundationBiomarkers,26-Jul-13,,0.247815353,NIRAPARIB,rxcui:1918231,NIRAPARIB,True,False,True
TYMS,hgnc:12441,TYMS,ClearityFoundationBiomarkers,26-Jul-13,,0.433146051,PEMETREXED,rxcui:282443,PEMETREXED DISODIUM,True,False,True
IKBKE,hgnc:14552,IKBKE,DTC,5-Jun-23,,0.113423181,PD-0166285,chembl:CHEMBL3545196,PD-0166285,False,False,False
PRKX,hgnc:9441,PRKX,DTC,5-Jun-23,,9.073854446,HYDROXYFASUDIL,drugbank:DB04707,HYDROXYFASUDIL,False,False,False
PRKX,hgnc:9441,PRKX,DTC,5-Jun-23,,3.024618149,Y-27632,drugbank:DB08756,Y-27632,False,False,False
DRD2,hgnc:3023,DRD2,NCI,14-Sep-17,,0.045845359,HALOPERIDOL,rxcui:26420,HALOPERIDOL DECANOATE,True,False,False
NOS1,hgnc:7872,NOS1,NCI,14-Sep-17,,0.178727436,BSO,ncit:C1029,BUTHIONINE SULFOXIMINE,False,False,False
NOS1,hgnc:7872,NOS1,NCI,14-Sep-17,,0.59575812,POLYESTRADIOL PHOSPHATE,rxcui:34120,POLYESTRADIOL PHOSPHATE,True,False,False
NOS1,hgnc:7872,NOS1,NCI,14-Sep-17,,0.19858604,PRAZOSIN,rxcui:8629,PRAZOSIN,True,False,False
SLC2A1,hgnc:11005,SLC2A1,NCI,14-Sep-17,,1.241685345,THYMIDINE,rxcui:1372538,THYMIDINE,False,False,False
NOS1,hgnc:7872,NOS1,PharmGKB,5-Jun-23,,0.051064982,ibuprofen,rxcui:1429044,"IBUPROFEN, SODIUM SALT",True,False,True
IL1RN,hgnc:6000,IL1RN,PharmGKB,5-Jun-23,,0.867353734,heparin,rxcui:104466,TINZAPARIN SODIUM,True,False,False
TYMS,hgnc:12441,TYMS,PharmGKB,5-Jun-23,,0.026633576,paclitaxel,rxcui:56946,PACLITAXEL,True,False,True
FSIP1,hgnc:21674,FSIP1,PharmGKB,5-Jun-23,,0.842572199,aspirin,rxcui:1191,ASPIRIN,True,False,True
UNIPROT:P14410,hgnc:10856,SI,TdgClinicalTrial,14-Jan,,2.808573995,ACARBOSE,rxcui:16681,ACARBOSE,True,False,False
UNIPROT:P14416,hgnc:3023,DRD2,TdgClinicalTrial,14-Jan,,0.039477948,ASENAPINE,rxcui:784649,ASENAPINE,True,False,False
UNIPROT:P14416,hgnc:3023,DRD2,TdgClinicalTrial,14-Jan,,0.284241224,LURASIDONE,rxcui:1040027,LURASIDONE HYDROCHLORIDE,True,False,False
UNIPROT:P14416,hgnc:3023,DRD2,TdgClinicalTrial,14-Jan,,0.203029445,CHLORPROTHIXENE,rxcui:2406,CHLORPROTHIXENE,True,False,False
UNIPROT:P14416,hgnc:3023,DRD2,TdgClinicalTrial,14-Jan,,0.236867686,DROPERIDOL,rxcui:3648,DROPERIDOL,True,False,False
UNIPROT:P14416,hgnc:3023,DRD2,TdgClinicalTrial,14-Jan,,0.050757361,PROPIOMAZINE,rxcui:8770,PROPIOMAZINE,True,False,False
UNIPROT:P14416,hgnc:3023,DRD2,TEND,1-Aug-11,,0.08360036,ILOPERIDONE,rxcui:73178,ILOPERIDONE,True,False,False
UNIPROT:P14416,hgnc:3023,DRD2,TEND,1-Aug-11,,0.284241224,LURASIDONE,rxcui:1040027,LURASIDONE HYDROCHLORIDE,True,False,False
UNIPROT:P14410,hgnc:10856,SI,TEND,1-Aug-11,,2.808573995,ACARBOSE,rxcui:16681,ACARBOSE,True,False,False
DOPAMINE D2 RECEPTOR,hgnc:3023,DRD2,TTD,2020.06.01,,0.236867686,Tiapride,rxcui:10588,TIAPRIDE,False,False,False
DOPAMINE D2 RECEPTOR,hgnc:3023,DRD2,TTD,2020.06.01,,1.065904588,JNJ-37822681,drugbank:DB12579,JNJ-37822681,False,False,False
DOPAMINE D2 RECEPTOR,hgnc:3023,DRD2,TTD,2020.06.01,,2.131809177,Cabergoline,rxcui:47579,CABERGOLINE,True,False,False
DOPAMINE D2 RECEPTOR,hgnc:3023,DRD2,TTD,2020.06.01,,0.08360036,Iloperidone,rxcui:73178,ILOPERIDONE,True,False,False
DOPAMINE D2 RECEPTOR,hgnc:3023,DRD2,TTD,2020.06.01,,0.177650765,Perazine,rxcui:8042,PERAZINE,False,False,False
VOLTAGE-GATED CALCIUM CHANNEL,hgnc:1527,CAV1,TTD,2020.06.01,,4.915004491,Tolperisone,rxcui:10639,TOLPERISONE,False,False,False
ATR,hgnc:882,ATR,JAX-CKB,5-Jun-23,,4.212860993,PJ34,iuphar.ligand:11348,PJ34,False,False,False
DRD2,hgnc:3023,DRD2,ChEMBL,32,inhibitor,0.355301529,REMOXIPRIDE HYDROCHLORIDE,rxcui:235832,REMOXIPRIDE HYDROCHLORIDE,True,False,False
NOS1,hgnc:7872,NOS1,NCI,14-Sep-17,,0.057654012,PRAVASTATIN,rxcui:203144,PRAVASTATIN SODIUM,True,False,False
DRD2,hgnc:3023,DRD2,ChEMBL,32,inhibitor,0.08360036,ILOPERIDONE,rxcui:73178,ILOPERIDONE,True,False,False
NOS1,hgnc:7872,NOS1,NCI,14-Sep-17,,0.59575812,GREEN TEA EXTRACT,rxcui:283567,GREEN TEA LEAF EXTRACT,True,False,False
NOS1,hgnc:7872,NOS1,NCI,14-Sep-17,,0.19858604,CHEMOPREVENTIVE,ncit:C1892,CHEMOPREVENTIVE AGENT,False,False,False
UNIPROT:P14416,hgnc:3023,DRD2,TdgClinicalTrial,14-Jan,,0.118433843,DEXPRAMIPEXOLE,ncit:C169899,DEXPRAMIPEXOLE,False,False,False
NOS1,hgnc:7872,NOS1,NCI,14-Sep-17,,0.44681859,PENICILLIN,drugsatfda.anda:060307,DRUGSATFDA.ANDA:060307,False,False,False
DRD2,hgnc:3023,DRD2,ChEMBL,32,inhibitor,0.044412691,THIETHYLPERAZINE MALATE,ncit:C66598,THIETHYLPERAZINE MALATE,True,False,False
DRD2,hgnc:3023,DRD2,ChEMBL,32,inhibitor,0.054661774,PIMOZIDE,rxcui:8331,PIMOZIDE,True,False,False
DRD2,hgnc:3023,DRD2,ChEMBL,32,modulator,0.355301529,SERIDOPIDINE,ncit:C152345,SERIDOPIDINE,False,False,False
DRD2,hgnc:3023,DRD2,ChEMBL,32,inhibitor,0.177650765,BENPERIDOL,rxcui:1373,BENPERIDOL,True,False,False
DRD2,hgnc:3023,DRD2,ChEMBL,32,agonist,0.118433843,MINAPRINE,rxcui:30031,MINAPRINE,True,False,False
CD44,hgnc:1681,CD44,ChEMBL,32,inhibitor,4.536927223,PF-03475952,chembl:CHEMBL2109479,PF-03475952,False,False,False
DRD2,hgnc:3023,DRD2,ChEMBL,32,inhibitor,0.118433843,ADOPRAZINE,ncit:C81482,ADOPRAZINE,False,False,False
DRD2,hgnc:3023,DRD2,ChEMBL,32,inhibitor,0.355301529,BROMOPRIDE,rxcui:19768,BROMOPRIDE,False,False,False
EPHX2,hgnc:3402,EPHX2,DTC,5-Jun-23,,4.212860993,ALOE-EMODIN,chembl:CHEMBL40275,ALOE-EMODIN,False,False,False
EPHX2,hgnc:3402,EPHX2,DTC,5-Jun-23,,5.61714799,6BIO,chembl:CHEMBL409450,6BIO,False,False,False
EPHB4,hgnc:3395,EPHB4,MyCancerGenome,20-Jun-17,inhibitor,10.53215248,XL647,ncit:C62496,TESEVATINIB,False,False,True
NOS1,hgnc:7872,NOS1,NCI,14-Sep-17,,0.02929958,ATORVASTATIN,rxcui:1297766,ATORVASTATIN CALCIUM TRIHYDRATE,True,False,False
SI,hgnc:10856,SI,NCI,14-Sep-17,,0.674057759,RU-38486,rxcui:6964,MIFEPRISTONE,True,False,False
TYMS,hgnc:12441,TYMS,NCI,14-Sep-17,,0.044971448,TAMOXIFEN,rxcui:10324,TAMOXIFEN,True,False,True
DRD2,hgnc:3023,DRD2,PharmGKB,5-Jun-23,,0.009110296,disulfiram,rxcui:3554,DISULFIRAM,True,False,False
IL1RN,hgnc:6000,IL1RN,PharmGKB,5-Jun-23,,,Tumor necrosis factor alpha (TNF-alpha) inhibitors,,,,,
TYMS,hgnc:12441,TYMS,PharmGKB,5-Jun-23,,1.60023402,raltitrexed,rxcui:196239,RALTITREXED,True,False,True
TYMS,hgnc:12441,TYMS,PharmGKB,5-Jun-23,,,FOLFOX,,,,,
UNIPROT:P14416,hgnc:3023,DRD2,TdgClinicalTrial,14-Jan,,,ACP-104,,,,,
UNIPROT:P14416,hgnc:3023,DRD2,TdgClinicalTrial,14-Jan,,0.056848245,AMISULPRIDE,rxcui:46303,AMISULPRIDE,True,False,False
UNIPROT:P14416,hgnc:3023,DRD2,TdgClinicalTrial,14-Jan,,,BIM23A760,,,,,
UNIPROT:P14416,hgnc:3023,DRD2,TdgClinicalTrial,14-Jan,,,LU 02-750,,,,,
UNIPROT:P14416,hgnc:3023,DRD2,TdgClinicalTrial,14-Jan,,0.355301529,PRAMIPEXOLE,rxcui:746741,PRAMIPEXOLE,True,False,False
UNIPROT:P29475,hgnc:7872,NOS1,TdgClinicalTrial,14-Jan,,,ISOTHIOUREA,,,,,
UNIPROT:P29475,hgnc:7872,NOS1,TdgClinicalTrial,14-Jan,,0.59575812,NXN-188,drugbank:DB06096,NXN-188,False,False,False
UNIPROT:P22894,hgnc:7175,MMP8,TdgClinicalTrial,14-Jan,,,DOXYCYKLIN,,,,,
UNIPROT:P04818,hgnc:12441,TYMS,TdgClinicalTrial,14-Jan,,1.60023402,RALTITREXED,rxcui:196239,RALTITREXED,True,False,True
UNIPROT:P14416,hgnc:3023,DRD2,TdgClinicalTrial,14-Jan,,0.118433843,MINAPRINE,rxcui:30031,MINAPRINE,True,False,False
UNIPROT:P14416,hgnc:3023,DRD2,TdgClinicalTrial,14-Jan,,0.04180018,RISPERIDONE,rxcui:35636,RISPERIDONE,True,False,False
UNIPROT:P14416,hgnc:3023,DRD2,TdgClinicalTrial,14-Jan,,0.236867686,SULPIRIDE,rxcui:10239,SULPIRIDE,True,False,False
UNIPROT:P14416,hgnc:3023,DRD2,TEND,1-Aug-11,,0.101514723,METOCLOPRAMIDE,rxcui:267036,METOCLOPRAMIDE HYDROCHLORIDE,True,False,False
UNIPROT:P14416,hgnc:3023,DRD2,TEND,1-Aug-11,,0.022558827,OLANZAPINE,rxcui:61381,OLANZAPINE,True,False,False
UNIPROT:P14416,hgnc:3023,DRD2,TEND,1-Aug-11,,0.054661774,PIMOZIDE,rxcui:8331,PIMOZIDE,True,False,False
UNIPROT:P14416,hgnc:3023,DRD2,TEND,1-Aug-11,,0.081992661,QUETIAPINE,rxcui:221153,QUETIAPINE FUMARATE,True,False,False
DOPAMINE D2 RECEPTOR,hgnc:3023,DRD2,TTD,2020.06.01,,,Lu-AE04621,,,,,
DOPAMINE D2 RECEPTOR,hgnc:3023,DRD2,TTD,2020.06.01,,,CLR-3001,,,,,
BETA-GLUCURONIDASE,hgnc:4696,GUSB,TTD,2020.06.01,,,PerioPatch,,,,,
DOPAMINE D2 RECEPTOR,hgnc:3023,DRD2,TTD,2020.06.01,,0.118433843,Zicronapine,ncit:C152950,ZICRONAPINE,False,False,False
DOPAMINE D2 RECEPTOR,hgnc:3023,DRD2,TTD,2020.06.01,,,Ropinirole subdermal implant,,,,,
NITRIC-OXIDE SYNTHASE BRAIN,hgnc:7872,NOS1,TTD,2020.06.01,,0.59575812,NXN-188,drugbank:DB06096,NXN-188,False,False,False
THYMIDYLATE SYNTHASE,hgnc:12441,TYMS,TTD,2020.06.01,,,Plevitrexed (R)-isomer,,,,,
EXTRACELLULAR MATRIX RECEPTOR III,hgnc:1681,CD44,TTD,2020.06.01,,,BIWA 4,,,,,
DOPAMINE D2 RECEPTOR,hgnc:3023,DRD2,TTD,2020.06.01,,,"(-)-3PPP, Maryland",,,,,
DOPAMINE D2 RECEPTOR,hgnc:3023,DRD2,TTD,2020.06.01,,,D1 agonist D2 antagonist,,,,,
DOPAMINE D2 RECEPTOR,hgnc:3023,DRD2,TTD,2020.06.01,,,Intranasal apomorphine,,,,,
DOPAMINE D2 RECEPTOR,hgnc:3023,DRD2,TTD,2020.06.01,,,PD-143188,,,,,
DOPAMINE D2 RECEPTOR,hgnc:3023,DRD2,TTD,2020.06.01,,,P2B-001,,,,,
DOPAMINE D2 RECEPTOR,hgnc:3023,DRD2,TTD,2020.06.01,,,Bis(olanzapine) pamoate monohydrate,,,,,
DOPAMINE D2 RECEPTOR,hgnc:3023,DRD2,TTD,2020.06.01,,0.355301529,Pramipexole,rxcui:746741,PRAMIPEXOLE,True,False,False
DOPAMINE D2 RECEPTOR,hgnc:3023,DRD2,TTD,2020.06.01,,,SSR-181507,,,,,
DOPAMINE D2 RECEPTOR,hgnc:3023,DRD2,TTD,2020.06.01,,,L-piperazino-3-phenyl-indane derivative 1,,,,,
DOPAMINE D2 RECEPTOR,hgnc:3023,DRD2,TTD,2020.06.01,,,PMID30124346-Compound-13TABLE4,,,,,
DOPAMINE D2 RECEPTOR,hgnc:3023,DRD2,TTD,2020.06.01,,,PMID30124346-Compound-34TABLE4,,,,,
DOPAMINE D2 RECEPTOR,hgnc:3023,DRD2,TTD,2020.06.01,,0.177650765,Abaperidone,ncit:C73280,ABAPERIDONE,False,False,False
DOPAMINE D2 RECEPTOR,hgnc:3023,DRD2,TTD,2020.06.01,,0.056848245,Amisulpride,rxcui:46303,AMISULPRIDE,True,False,False
DOPAMINE D2 RECEPTOR,hgnc:3023,DRD2,TTD,2020.06.01,,0.066619037,Bromocriptine,rxcui:1760,BROMOCRIPTINE,True,False,False
DOPAMINE D2 RECEPTOR,hgnc:3023,DRD2,TTD,2020.06.01,,,Ibopamine hci,,,,,
DOPAMINE D2 RECEPTOR,hgnc:3023,DRD2,TTD,2020.06.01,,0.054661774,Pimozide,rxcui:8331,PIMOZIDE,True,False,False
DOPAMINE D2 RECEPTOR,hgnc:3023,DRD2,TTD,2020.06.01,,0.04180018,Risperidone,rxcui:35636,RISPERIDONE,True,False,False
SERINE/THREONINE-PROTEIN KINASE ATR,hgnc:882,ATR,TTD,2020.06.01,,2.106430496,AZD6738,ncit:C111993,CERALASERTIB,False,False,True
DOPAMINE D2 RECEPTOR,hgnc:3023,DRD2,TTD,2020.06.01,,,CGS-15873A,,,,,
CD44,hgnc:1681,CD44,CIViC,5-Jun-23,,,RG7356,,,,,
CD44,hgnc:1681,CD44,CIViC,5-Jun-23,,0.053375614,DOCETAXEL,rxcui:1299922,DOCETAXEL ANHYDROUS,True,False,True
DRD2,hgnc:3023,DRD2,ChEMBL,32,inhibitor,0.118433843,CLEBOPRIDE,rxcui:21224,CLEBOPRIDE,True,False,False
LACTOTRANSFERRIN,hgnc:6720,LTF,TTD,2020.06.01,,7.372506737,Parecoxib,rxcui:279950,PARECOXIB,True,False,False
DOPAMINE D2 RECEPTOR,hgnc:3023,DRD2,TTD,2020.06.01,,0.039477948,Phentolamine,rxcui:8153,PHENTOLAMINE,True,False,False
DOPAMINE D2 RECEPTOR,hgnc:3023,DRD2,TTD,2020.06.01,,0.081992661,Quetiapine,rxcui:221153,QUETIAPINE FUMARATE,True,False,False
UNIPROT:P14416,hgnc:3023,DRD2,TdgClinicalTrial,14-Jan,,0.056848245,APD421,rxcui:46303,AMISULPRIDE,True,False,False
MATRIX METALLOPROTEINASE-8,hgnc:7175,MMP8,TTD,2020.06.01,,1.053215248,GM6001,ncit:C96286,ILOMASTAT,False,False,False
UNIPROT:P14416,hgnc:3023,DRD2,TdgClinicalTrial,14-Jan,,0.031350135,LEVODOPA,rxcui:6375,LEVODOPA,True,False,False
UNIPROT:P14416,hgnc:3023,DRD2,TdgClinicalTrial,14-Jan,,0.071060306,ETILEVODOPA,rxcui:1421444,ETILEVODOPA,False,False,False
MAP2K3,hgnc:6843,MAP2K3,MyCancerGenomeClinicalTrial,30-Feburary-2014,inhibitor,0.204791854,SELUMETINIB,rxcui:2289380,SELUMETINIB,True,False,True
DRD2,hgnc:3023,DRD2,ChEMBL,32,inhibitor,0.096900417,SERTINDOLE,rxcui:41996,SERTINDOLE,True,False,False
TYMS,hgnc:12441,TYMS,NCI,14-Sep-17,,0.01841113,CISPLATIN,rxcui:2555,CISPLATIN,True,False,True
DRD2,hgnc:3023,DRD2,ChEMBL,32,inhibitor,0.355301529,THIETHYLPERAZINE MALEATE,rxcui:71529,THIETHYLPERAZINE MALEATE,True,False,False
DRD2,hgnc:3023,DRD2,ChEMBL,32,inhibitor,0.071060306,FLUPHENAZINE HYDROCHLORIDE,rxcui:203207,FLUPHENAZINE HYDROCHLORIDE,True,False,False
DRD2,hgnc:3023,DRD2,ChEMBL,32,agonist,0.118433843,ARIPIPRAZOLE,rxcui:1673265,ARIPIPRAZOLE LAUROXIL,True,False,False
DRD2,hgnc:3023,DRD2,ChEMBL,32,inhibitor,0.059216922,PROCHLORPERAZINE EDISYLATE,rxcui:8704,PROCHLORPERAZINE,True,False,False
MALT1,hgnc:6819,MALT1,ChEMBL,32,inhibitor,19.66001797,MEPAZINE ACETATE,chembl:CHEMBL1712842,MEPAZINE ACETATE,True,False,False
CD44,hgnc:1681,CD44,NCI,14-Sep-17,,1.134231806,MOMETASONE FUROATE,rxcui:108118,MOMETASONE,True,False,False
DRD2,hgnc:3023,DRD2,NCI,14-Sep-17,,0.019205488,MORPHINE,rxcui:32926,PAREGORIC,True,False,False
DRD2,hgnc:3023,DRD2,NCI,14-Sep-17,,0.035530153,6-HYDROXYDOPAMINE,ncit:C1316,OXIDOPAMINE,False,False,False
NOS1,hgnc:7872,NOS1,NCI,14-Sep-17,,0.268091154,BACLOFEN,rxcui:1292,BACLOFEN,True,False,False
NOS1,hgnc:7872,NOS1,NCI,14-Sep-17,,0.162479487,ACETAZOLAMIDE,rxcui:167,ACETAZOLAMIDE,True,False,False
NOS1,hgnc:7872,NOS1,NCI,14-Sep-17,,0.081239744,"ICI 182,780",rxcui:282357,FULVESTRANT,True,False,True
NOS1,hgnc:7872,NOS1,NCI,14-Sep-17,,0.357454872,METHYLTESTOSTERONE,rxcui:6904,METHYLTESTOSTERONE,True,False,False
NOS1,hgnc:7872,NOS1,NCI,14-Sep-17,,0.59575812,RESINIFERATOXIN,ncit:C1214,RESINIFERATOXIN,False,False,False
PMAIP1,hgnc:9108,PMAIP1,NCI,14-Sep-17,,1.387765974,BORTEZOMIB,rxcui:358258,BORTEZOMIB,True,False,True
TYMS,hgnc:12441,TYMS,NCI,14-Sep-17,,0.11430243,RESERPINE,rxcui:9260,RESERPINE,True,False,False
DRD2,hgnc:3023,DRD2,PharmGKB,5-Jun-23,,0.047373537,sumatriptan,rxcui:37418,SUMATRIPTAN,True,False,False
UNIPROT:P18510,hgnc:6000,IL1RN,TdgClinicalTrial,14-Jan,,1.63833483,AC-201,rxcui:22759,DIACETYLRHEIN,True,False,False
UNIPROT:P14416,hgnc:3023,DRD2,TdgClinicalTrial,14-Jan,,0.059216922,PROCHLORPERAZINE,rxcui:8704,PROCHLORPERAZINE,True,False,False
UNIPROT:P11166,hgnc:11005,SLC2A1,TdgClinicalTrial,14-Jan,,0.38802667,GLUFOSFAMIDE,ncit:C1612,GLUFOSFAMIDE,False,False,False
UNIPROT:P04818,hgnc:12441,TYMS,TdgClinicalTrial,14-Jan,,1.37162916,MODUFOLIN,ncit:C157079,ARFOLITIXORIN,True,False,False
UNIPROT:P14416,hgnc:3023,DRD2,TdgClinicalTrial,14-Jan,,0.213180918,OPC-34712,rxcui:1658314,BREXPIPRAZOLE,True,False,False
UNIPROT:P04818,hgnc:12441,TYMS,TdgClinicalTrial,14-Jan,,1.37162916,TEGAFUR,rxcui:4582,TEGAFUR,True,False,True
UNIPROT:P14416,hgnc:3023,DRD2,TdgClinicalTrial,14-Jan,,0.040114689,CLOZAPINE,rxcui:2626,CLOZAPINE,True,False,False
UNIPROT:P14416,hgnc:3023,DRD2,TdgClinicalTrial,14-Jan,,0.355301529,LISURIDE,rxcui:6446,LISURIDE,False,False,False
UNIPROT:P14416,hgnc:3023,DRD2,TEND,1-Aug-11,,0.101514723,APOMORPHINE,rxcui:1043,APOMORPHINE,True,False,False
UNIPROT:P14416,hgnc:3023,DRD2,TEND,1-Aug-11,,0.355301529,ACETOPHENAZINE,rxcui:16735,ACETOPHENAZINE,True,False,False
UNIPROT:P14416,hgnc:3023,DRD2,TEND,1-Aug-11,,0.071060306,FLUPHENAZINE,rxcui:203207,FLUPHENAZINE HYDROCHLORIDE,True,False,False
UNIPROT:P14416,hgnc:3023,DRD2,TEND,1-Aug-11,,0.129200556,FLUPENTHIXOL,rxcui:4495,FLUPENTHIXOL,False,False,False
DOPAMINE D2 RECEPTOR,hgnc:3023,DRD2,TTD,2020.06.01,,0.355301529,Phenyltoloxamine,rxcui:33408,PHENYLTOLOXAMINE,True,False,False
DOPAMINE D2 RECEPTOR,hgnc:3023,DRD2,TTD,2020.06.01,,0.355301529,Docarpamine,ncit:C65453,DOCARPAMINE,False,False,False
DOPAMINE D2 RECEPTOR,hgnc:3023,DRD2,TTD,2020.06.01,,0.152272084,Pardoprunox,ncit:C80765,PARDOPRUNOX,False,False,False
DOPAMINE D2 RECEPTOR,hgnc:3023,DRD2,TTD,2020.06.01,,0.101514723,Apomorphine,rxcui:1043,APOMORPHINE,True,False,False
BETA-GLUCURONIDASE,hgnc:4696,GUSB,TTD,2020.06.01,,58.9800539,Vestronidase alfa,rxcui:1989818,VESTRONIDASE ALFA-VJBK,True,False,False
DOPAMINE D2 RECEPTOR,hgnc:3023,DRD2,TTD,2020.06.01,,0.177650765,Talipexole,ncit:C152496,TALIPEXOLE,False,False,False
DOPAMINE D2 RECEPTOR,hgnc:3023,DRD2,TTD,2020.06.01,,0.592169216,Pergolide,rxcui:8047,PERGOLIDE,True,False,False
DOPAMINE D2 RECEPTOR,hgnc:3023,DRD2,TTD,2020.06.01,,0.213180918,OPC-34712,rxcui:1658314,BREXPIPRAZOLE,True,False,False
DOPAMINE D2 RECEPTOR,hgnc:3023,DRD2,TTD,2020.06.01,,0.059216922,Prochlorperazine,rxcui:8704,PROCHLORPERAZINE,True,False,False
SOLUBLE EPOXIDE HYDROLASE,hgnc:3402,EPHX2,TTD,2020.06.01,,16.85144397,GSK2256294,iuphar.ligand:9718,GSK2256294,False,False,False
ATR,hgnc:882,ATR,JAX-CKB,5-Jun-23,,0.113096939,Cisplatin,rxcui:2555,CISPLATIN,True,False,True
CFB,hgnc:1037,CFB,ChEMBL,32,inhibitor,58.9800539,IPTACOPAN,ncit:C156691,IPTACOPAN,False,False,False
VOLTAGE-GATED CALCIUM CHANNEL,hgnc:1527,CAV1,TTD,2020.06.01,,14.74501347,Eperisone,ncit:C83692,EPERISONE,False,False,False
UNIPROT:P14416,hgnc:3023,DRD2,TEND,1-Aug-11,,0.040114689,CLOZAPINE,rxcui:2626,CLOZAPINE,True,False,False
ATR,hgnc:882,ATR,NCI,14-Sep-17,,0.113096939,CISPLATIN,rxcui:2555,CISPLATIN,True,False,True
UNIPROT:P04818,hgnc:12441,TYMS,TdgClinicalTrial,14-Jan,,1.37162916,OSI-7904L,drugbank:DB05457,OSI-7904L,False,False,False
DOPAMINE D2 RECEPTOR,hgnc:3023,DRD2,TTD,2020.06.01,,0.012251777,Methyldopa,rxcui:1545996,METHYLDOPA ANHYDROUS,True,False,False
PTPRC,hgnc:9666,PTPRC,NCI,14-Sep-17,,0.156031889,PREDNISONE,rxcui:8640,PREDNISONE,True,False,False
ATR,hgnc:882,ATR,ClearityFoundationBiomarkers,26-Jul-13,,0.702143499,E7449,ncit:C102746,PARP/TANKYRASE INHIBITOR 2X-121,False,False,True
UNIPROT:P14416,hgnc:3023,DRD2,TdgClinicalTrial,14-Jan,,0.118433843,BIFEPRUNOX,ncit:C65262,BIFEPRUNOX,False,False,False
NOS1,hgnc:7872,NOS1,NCI,14-Sep-17,,0.074469765,THEOPHYLLINE,rxcui:10438,THEOPHYLLINE,True,False,False
PTPRC,hgnc:9666,PTPRC,DTC,5-Jun-23,,0.327666966,HYDROGEN PEROXIDE,rxcui:5499,HYDROGEN PEROXIDE,True,False,False
PTPRC,hgnc:9666,PTPRC,NCI,14-Sep-17,,1.310667864,PROTEIN KINASE INHIBITOR,ncit:C1404,PROTEIN KINASE INHIBITOR,False,False,False
PDE8A,hgnc:8793,PDE8A,ChEMBL,32,inhibitor,2.457502246,FLAVOXATE HYDROCHLORIDE,rxcui:142437,FLAVOXATE HYDROCHLORIDE,True,False,False
ATR,hgnc:882,ATR,ChEMBL,32,inhibitor,2.808573995,ELIMUSERTIB,ncit:C146807,ELIMUSERTIB,False,False,True
TYMS,hgnc:12441,TYMS,DTC,5-Jun-23,,2.743258321,DEOXYURIDINE MONOPHOSPHATE,drugbank:DB03800,DEOXYURIDINE MONOPHOSPHATE,False,False,False
PRKX,hgnc:9441,PRKX,DTC,5-Jun-23,,0.092590351,PALBOCICLIB,rxcui:1601374,PALBOCICLIB,True,False,True
CSPG4,hgnc:2466,CSPG4,NCI,14-Sep-17,,1.902582384,TPA,ncit:C866,TETRADECANOYLPHORBOL ACETATE,False,False,False
DRD2,hgnc:3023,DRD2,NCI,14-Sep-17,,0.008561483,ETHANOL,rxcui:216449,DENATURED ETHANOL,True,False,False
NOS1,hgnc:7872,NOS1,NCI,14-Sep-17,,0.29787906,SOY PROTEIN,ncit:C1803,SOY PROTEIN ISOLATE,False,False,False
PTPRC,hgnc:9666,PTPRC,NCI,14-Sep-17,,0.54611161,HEPARAN SULFATE,rxcui:2603494,HEPARAN SULFATE,False,False,False
PTPRC,hgnc:9666,PTPRC,NCI,14-Sep-17,,0.177117279,CORTISOL,rxcui:103468,HYDROCORTISONE BUTYRATE,True,False,False
PTPRC,hgnc:9666,PTPRC,NCI,14-Sep-17,,0.364074407,IMMUNOSUPPRESSIVE,ncit:C574,IMMUNOSUPPRESSANT,False,False,False
PTPRC,hgnc:9666,PTPRC,NCI,14-Sep-17,,0.061823956,5-FU,rxcui:4492,FLUOROURACIL,True,False,True
TYMS,hgnc:12441,TYMS,NCI,14-Sep-17,,1.02872187,DOXIFLURIDINE,ncit:C978,DOXIFLURIDINE,False,False,False
TYMS,hgnc:12441,TYMS,PharmGKB,5-Jun-23,,0.12469356,folic acid,rxcui:4511,FOLIC ACID,True,False,False
UNIPROT:P04818,hgnc:12441,TYMS,TdgClinicalTrial,14-Jan,,0.391894046,FLOXURIDINE,rxcui:4488,FLOXURIDINE,True,False,True
UNIPROT:P14416,hgnc:3023,DRD2,TdgClinicalTrial,14-Jan,,0.532952294,PRIDOPIDINE,ncit:C170349,PRIDOPIDINE,False,False,False
UNIPROT:P14416,hgnc:3023,DRD2,TdgClinicalTrial,14-Jan,,0.067676482,ZIPRASIDONE,rxcui:115698,ZIPRASIDONE,True,False,False
SERINE/THREONINE-PROTEIN KINASE ATR,hgnc:882,ATR,TTD,2020.06.01,,2.808573995,BAY1895344,ncit:C146807,ELIMUSERTIB,False,False,True
DOPAMINE D2 RECEPTOR,hgnc:3023,DRD2,TTD,2020.06.01,,0.177650765,Mephentermine,rxcui:6756,MEPHENTERMINE,True,False,False
DOPAMINE D2 RECEPTOR,hgnc:3023,DRD2,TTD,2020.06.01,,0.118433843,Ocaperidone,ncit:C76441,OCAPERIDONE,False,False,False
DOPAMINE D2 RECEPTOR,hgnc:3023,DRD2,TTD,2020.06.01,,0.177650765,Umespirone,ncit:C152798,UMESPIRONE,False,False,False
DOPAMINE D2 RECEPTOR,hgnc:3023,DRD2,TTD,2020.06.01,,0.355301529,Dopexamine,rxcui:23638,DOPEXAMINE,False,False,False
DOPAMINE D2 RECEPTOR,hgnc:3023,DRD2,TTD,2020.06.01,,0.071060306,Perphenazine,rxcui:8076,PERPHENAZINE,True,False,False
TYMS,hgnc:12441,TYMS,NCI,14-Sep-17,,0.30480648,PHENTOLAMINE,rxcui:8153,PHENTOLAMINE,True,False,False
ATR,hgnc:882,ATR,JAX-CKB,5-Jun-23,,2.808573995,VE-821,iuphar.ligand:8042,VE-821,False,False,True
DRD2,hgnc:3023,DRD2,ChEMBL,32,inhibitor,0.059216922,TRIFLUPROMAZINE HYDROCHLORIDE,rxcui:91125,TRIFLUPROMAZINE HYDROCHLORIDE,True,False,False
BMP7,hgnc:1074,BMP7,PharmGKB,5-Jun-23,,0.842572199,pegaspargase,rxcui:34132,PEGASPARGASE,True,False,False
CD44,hgnc:1681,CD44,NCI,14-Sep-17,,0.907385445,MPA,iuphar.ligand:4595,MPA,False,False,False
ATR,hgnc:882,ATR,CGI,5-Jun-23,,0.247815353,Temozolomide,rxcui:37776,TEMOZOLOMIDE,True,False,True
DRD2,hgnc:3023,DRD2,ChEMBL,32,inhibitor,0.044412691,TRIMIPRAMINE MALEATE,rxcui:71532,TRIMIPRAMINE MALEATE,True,False,False
DRD2,hgnc:3023,DRD2,ChEMBL,32,agonist,0.088825382,ROPINIROLE HYDROCHLORIDE,rxcui:236553,ROPINIROLE HYDROCHLORIDE,True,False,False
EPHB4,hgnc:3395,EPHB4,ChEMBL,32,inhibitor,4.915004491,JI-101,chembl:CHEMBL3545155,JI-101,False,False,False
CD44,hgnc:1681,CD44,ChEMBL,32,binder,0.283557951,BIVATUZUMAB MERTANSINE,chembl:CHEMBL2109288,BIVATUZUMAB MERTANSINE,False,False,False
TYMS,hgnc:12441,TYMS,ChEMBL,32,inhibitor,1.37162916,OSI-7904,chembl:CHEMBL169896,OSI-7904,False,False,False
DRD2,hgnc:3023,DRD2,ChEMBL,32,inhibitor,0.236867686,TIAPRIDE,rxcui:10588,TIAPRIDE,False,False,False
ATR,hgnc:882,ATR,ClearityFoundationBiomarkers,26-Jul-13,,0.16851444,RUCAPARIB,rxcui:1862579,RUCAPARIB,True,False,True
MAP2K3,hgnc:6843,MAP2K3,MyCancerGenomeClinicalTrial,30-Feburary-2014,inhibitor,0.655333932,PD 0325901,iuphar.ligand:7935,MIRDAMETINIB,False,False,True
MAP2K3,hgnc:6843,MAP2K3,MyCancerGenomeClinicalTrial,30-Feburary-2014,inhibitor,0.262133573,DABRAFENIB MESYLATE,rxcui:1424911,DABRAFENIB,True,False,True
CAV1,hgnc:1527,CAV1,NCI,14-Sep-17,,0.355301529,ETHANOL,rxcui:216449,DENATURED ETHANOL,True,False,False
NOS1,hgnc:7872,NOS1,NCI,14-Sep-17,,0.047033536,GABAPENTIN,rxcui:25480,GABAPENTIN,True,False,False
PTPRC,hgnc:9666,PTPRC,NCI,14-Sep-17,,0.19858604,ERYTHROPOIETIN,rxcui:105694,EPOETIN ALFA,True,False,False
TYMS,hgnc:12441,TYMS,NCI,14-Sep-17,,0.24938712,9-AMINOCAMPTOTHECIN,drugbank:DB12515,9-AMINOCAMPTOTHECIN,False,False,False
TYMS,hgnc:12441,TYMS,NCI,14-Sep-17,,1.37162916,ENILURACIL,ncit:C1773,ENILURACIL,False,False,False
TYMS,hgnc:12441,TYMS,NCI,14-Sep-17,,0.109730333,TOPOTECAN,rxcui:266573,TOPOTECAN HYDROCHLORIDE,True,False,True
UNIPROT:P04818,hgnc:12441,TYMS,TdgClinicalTrial,14-Jan,,0.433146051,PEMETREXED,rxcui:282443,PEMETREXED DISODIUM,True,False,True
UNIPROT:P14416,hgnc:3023,DRD2,TdgClinicalTrial,14-Jan,,1.065904588,JNJ-37822681,drugbank:DB12579,JNJ-37822681,False,False,False
UNIPROT:P14416,hgnc:3023,DRD2,TdgClinicalTrial,14-Jan,,2.131809177,CABERGOLINE,rxcui:47579,CABERGOLINE,True,False,False
UNIPROT:P14416,hgnc:3023,DRD2,TdgClinicalTrial,14-Jan,,0.284241224,DOMPERIDONE,rxcui:3626,DOMPERIDONE,True,False,False
UNIPROT:P14416,hgnc:3023,DRD2,TdgClinicalTrial,14-Jan,,0.045845359,HALOPERIDOL,rxcui:26420,HALOPERIDOL DECANOATE,True,False,False
UNIPROT:P14416,hgnc:3023,DRD2,TdgClinicalTrial,14-Jan,,0.177650765,REMOXIPRIDE,rxcui:35350,REMOXIPRIDE,True,False,False
UNIPROT:P14416,hgnc:3023,DRD2,TEND,1-Aug-11,,0.039477948,ASENAPINE,rxcui:784649,ASENAPINE,True,False,False
UNIPROT:P14416,hgnc:3023,DRD2,TEND,1-Aug-11,,0.045845359,HALOPERIDOL,rxcui:26420,HALOPERIDOL DECANOATE,True,False,False
DOPAMINE D2 RECEPTOR,hgnc:3023,DRD2,TTD,2020.06.01,,0.071060306,Aniracetam,rxcui:17939,ANIRACETAM,False,False,False
DOPAMINE D2 RECEPTOR,hgnc:3023,DRD2,TTD,2020.06.01,,0.236867686,Droperidol,rxcui:3648,DROPERIDOL,True,False,False
DOPAMINE D2 RECEPTOR,hgnc:3023,DRD2,TTD,2020.06.01,,0.118433843,ROXINDOLE,ncit:C90625,ROXINDOLE,False,False,False
DOPAMINE D2 RECEPTOR,hgnc:3023,DRD2,TTD,2020.06.01,,0.022206346,Ephedrine,rxcui:3966,EPHEDRINE,True,False,False
DOPAMINE D2 RECEPTOR,hgnc:3023,DRD2,TTD,2020.06.01,,6.75072906,Nemonapride,ncit:C73036,NEMONAPRIDE,False,False,False
DOPAMINE D2 RECEPTOR,hgnc:3023,DRD2,TTD,2020.06.01,,0.071060306,Dihydroergotamine,rxcui:203176,DIHYDROERGOTAMINE MESYLATE,True,False,False
LTF,hgnc:6720,LTF,NCI,14-Sep-17,,1.228751123,RESERPINE,rxcui:9260,RESERPINE,True,False,False
DRD2,hgnc:3023,DRD2,ChEMBL,32,inhibitor,0.888253824,BROMPERIDOL,rxcui:19777,BROMPERIDOL,True,False,False
LEUKOCYTE COMMON ANTIGEN,hgnc:9666,PTPRC,TTD,2020.06.01,,3.276669661,Iomab-B,ncit:C2527,IODINE I 131 APAMISTAMAB,False,False,False
UNIPROT:P14416,hgnc:3023,DRD2,TEND,1-Aug-11,,0.203029445,CHLORPROTHIXENE,rxcui:2406,CHLORPROTHIXENE,True,False,False
TYROSINE-PROTEIN KINASE BMX,hgnc:1079,BMX,TTD,2020.06.01,,0.867353734,Ibrutinib,rxcui:1442981,IBRUTINIB,True,False,True
ITGB6,hgnc:6161,ITGB6,ChEMBL,32,inhibitor,3.276669661,ABITUZUMAB,ncit:C82422,ABITUZUMAB,False,False,False
NOS1,hgnc:7872,NOS1,NCI,14-Sep-17,,0.137482643,PHENYLEPHRINE,rxcui:8163,PHENYLEPHRINE,True,False,False
DRD2,hgnc:3023,DRD2,ChEMBL,32,inhibitor,0.284241224,DOMPERIDONE,rxcui:3626,DOMPERIDONE,True,False,False
DRD2,hgnc:3023,DRD2,ChEMBL,32,inhibitor,0.355301529,ACETOPHENAZINE MALEATE,rxcui:91127,ACETOPHENAZINE MALEATE,True,False,False
DRD2,hgnc:3023,DRD2,ChEMBL,32,inhibitor,0.101514723,METOCLOPRAMIDE HYDROCHLORIDE,rxcui:267036,METOCLOPRAMIDE HYDROCHLORIDE,True,False,False
DRD2,hgnc:3023,DRD2,ChEMBL,32,inhibitor,0.186110325,CHLORPROMAZINE,rxcui:2403,CHLORPROMAZINE,True,False,False
DRD2,hgnc:3023,DRD2,ChEMBL,32,inhibitor,0.022558827,OLANZAPINE,rxcui:61381,OLANZAPINE,True,False,False
ATR,hgnc:882,ATR,ChEMBL,32,inhibitor,2.106430496,CERALASERTIB,ncit:C111993,CERALASERTIB,False,False,True
EPHB4,hgnc:3395,EPHB4,ChEMBL,32,inhibitor,0.921563342,TG100-801,chembl:CHEMBL403989,TG100-801,False,False,False
EPHB4,hgnc:3395,EPHB4,ChEMBL,32,inhibitor,10.53215248,TESEVATINIB,ncit:C62496,TESEVATINIB,False,False,True
DRD2,hgnc:3023,DRD2,ChEMBL,32,agonist,0.039477948,MINAPRINE HYDROCHLORIDE,rxcui:236400,MINAPRINE HYDROCHLORIDE,True,False,False
UTRN,hgnc:12635,UTRN,ChEMBL,32,modulator,58.9800539,EZUTROMID,ncit:C166897,EZUTROMID,False,False,False
DRD2,hgnc:3023,DRD2,DTC,5-Jun-23,,0.426361835,QUINPIROLE,ncit:C152128,QUINPIROLE,False,False,False
DRD2,hgnc:3023,DRD2,DTC,5-Jun-23,,0.081992661,QUETIAPINE,rxcui:221153,QUETIAPINE FUMARATE,True,False,False
CAV1,hgnc:1527,CAV1,NCI,14-Sep-17,,0.776053341,TESTOSTERONE,rxcui:10379,TESTOSTERONE,True,False,False
NOS1,hgnc:7872,NOS1,NCI,14-Sep-17,,0.094067072,DHT,ncit:C29618,THERAPEUTIC ANDROSTANOLONE,False,False,False
NOS1,hgnc:7872,NOS1,NCI,14-Sep-17,,0.137482643,BCG,ncit:C298,BCG VACCINE,False,False,False
NOS1,hgnc:7872,NOS1,NCI,14-Sep-17,,0.089363718,CARVEDILOL,rxcui:20352,CARVEDILOL,True,False,False
NOS1,hgnc:7872,NOS1,NCI,14-Sep-17,,0.059575812,PROPOFOL,rxcui:8782,PROPOFOL,True,False,False
NOS1,hgnc:7872,NOS1,NCI,14-Sep-17,,0.357454872,NEUROTROPHIC FACTOR,ncit:C2259,RECOMBINANT NEUROTROPHIC FACTOR,False,False,False
NOS1,hgnc:7872,NOS1,NCI,14-Sep-17,,0.063831227,SALT,rxcui:9863,SODIUM CHLORIDE,True,False,False
PTPRC,hgnc:9666,PTPRC,NCI,14-Sep-17,,0.59575812,VACCINE,ncit:C923,VACCINE,False,False,False
S100A12,hgnc:10489,S100A12,NCI,14-Sep-17,,0.240734914,MTX,rxcui:6851,METHOTREXATE,True,False,True
TYMS,hgnc:12441,TYMS,NCI,14-Sep-17,,2.743258321,CARBOGEN,ncit:C1038,CARBOGEN,False,False,False
TYMS,hgnc:12441,TYMS,NCI,14-Sep-17,,0.072191008,VERAPAMIL,rxcui:11170,VERAPAMIL,True,False,True
COL22A1,hgnc:22989,COL22A1,PharmGKB,5-Jun-23,,4.536927223,salbutamol,rxcui:142153,ALBUTEROL SULFATE,True,False,False
IBA57,hgnc:27302,IBA57,PharmGKB,5-Jun-23,,,antipsychotics,,,,,
TYMS,hgnc:12441,TYMS,PharmGKB,5-Jun-23,,,FOLFIRI,,,,,
NPAS3,hgnc:19311,NPAS3,PharmGKB,5-Jun-23,,1.156471645,risperidone,rxcui:35636,RISPERIDONE,True,False,False
MEX3C,hgnc:28040,MEX3C,PharmGKB,5-Jun-23,,,Bisphosphonates,,,,,
UNIPROT:P14416,hgnc:3023,DRD2,TdgClinicalTrial,14-Jan,,0.101514723,METOCLOPRAMIDE,rxcui:267036,METOCLOPRAMIDE HYDROCHLORIDE,True,False,False
UNIPROT:P04818,hgnc:12441,TYMS,TdgClinicalTrial,14-Jan,,,NB-1011,,,,,
UNIPROT:P14416,hgnc:3023,DRD2,TdgClinicalTrial,14-Jan,,,XP21279,,,,,
UNIPROT:P14416,hgnc:3023,DRD2,TdgClinicalTrial,14-Jan,,0.08360036,FLUSPIRILENE,rxcui:4507,FLUSPIRILENE,True,False,False
UNIPROT:P14416,hgnc:3023,DRD2,TdgClinicalTrial,14-Jan,,0.028424122,TRIFLUOPERAZINE,rxcui:10800,TRIFLUOPERAZINE,True,False,False
UNIPROT:P14416,hgnc:3023,DRD2,TEND,1-Aug-11,,0.355301529,PRAMIPEXOLE,rxcui:746741,PRAMIPEXOLE,True,False,False
DOPAMINE D2 RECEPTOR,hgnc:3023,DRD2,TTD,2020.06.01,,,SKL-10406,,,,,
DOPAMINE D2 RECEPTOR,hgnc:3023,DRD2,TTD,2020.06.01,,0.08360036,Fluspirilene,rxcui:4507,FLUSPIRILENE,True,False,False
LACTOTRANSFERRIN,hgnc:6720,LTF,TTD,2020.06.01,,,HLF 1-11,,,,,
DOPAMINE D2 RECEPTOR,hgnc:3023,DRD2,TTD,2020.06.01,,,Entacapone+levodopa+carbidopa,,,,,
DOPAMINE D2 RECEPTOR,hgnc:3023,DRD2,TTD,2020.06.01,,0.266476147,Mesoridazine,rxcui:6779,MESORIDAZINE,True,False,False
DOPAMINE D2 RECEPTOR,hgnc:3023,DRD2,TTD,2020.06.01,,,1192U90,,,,,
DOPAMINE D2 RECEPTOR,hgnc:3023,DRD2,TTD,2020.06.01,,,PD-332991,,,,,
DOPAMINE D2 RECEPTOR,hgnc:3023,DRD2,TTD,2020.06.01,,,PD-157695,,,,,
DOPAMINE D2 RECEPTOR,hgnc:3023,DRD2,TTD,2020.06.01,,,PD-158771,,,,,
DOPAMINE D2 RECEPTOR,hgnc:3023,DRD2,TTD,2020.06.01,,,N-0923,,,,,
DOPAMINE D2 RECEPTOR,hgnc:3023,DRD2,TTD,2020.06.01,,0.710603059,Sumanirole,ncit:C76651,SUMANIROLE,False,False,False
VOLTAGE-GATED CALCIUM CHANNEL,hgnc:1527,CAV1,TTD,2020.06.01,,,GCC-1290K,,,,,
DOPAMINE D2 RECEPTOR,hgnc:3023,DRD2,TTD,2020.06.01,,,PGX-200097,,,,,
DOPAMINE D2 RECEPTOR,hgnc:3023,DRD2,TTD,2020.06.01,,,RBP-7000,,,,,
DOPAMINE D2 RECEPTOR,hgnc:3023,DRD2,TTD,2020.06.01,,,CQA 206-291,,,,,
MYOSIN LIGHT KINASE,hgnc:7590,MYLK,TTD,2020.06.01,,,ME-3407,,,,,
NITRIC-OXIDE SYNTHASE BRAIN,hgnc:7872,NOS1,TTD,2020.06.01,,,NXN-462,,,,,
DOPAMINE D2 RECEPTOR,hgnc:3023,DRD2,TTD,2020.06.01,,0.177650765,Sarizotan,ncit:C77567,SARIZOTAN,False,False,False
DOPAMINE D2 RECEPTOR,hgnc:3023,DRD2,TTD,2020.06.01,,,Benzo[d]oxazol-2(3H)-one derivative 1,,,,,
DOPAMINE D2 RECEPTOR,hgnc:3023,DRD2,TTD,2020.06.01,,,PMID29334795-Compound-66,,,,,
DOPAMINE D2 RECEPTOR,hgnc:3023,DRD2,TTD,2020.06.01,,0.186110325,Chlorpromazine,rxcui:2403,CHLORPROMAZINE,True,False,False
DOPAMINE D2 RECEPTOR,hgnc:3023,DRD2,TTD,2020.06.01,,0.101514723,Metoclopramide,rxcui:267036,METOCLOPRAMIDE HYDROCHLORIDE,True,False,False
EXTRACELLULAR MATRIX RECEPTOR III,hgnc:1681,CD44,TTD,2020.06.01,,,A-6,,,,,
ATR,hgnc:882,ATR,JAX-CKB,5-Jun-23,,2.106430496,Ceralasertib,ncit:C111993,CERALASERTIB,False,False,True
UNIPROT:P14416,hgnc:3023,DRD2,TdgClinicalTrial,14-Jan,,0.04180018,PROMAZINE,rxcui:8742,PROMAZINE,True,False,False
EPHRIN TYPE-B RECEPTOR 4,hgnc:3395,EPHB4,TTD,2020.06.01,,10.53215248,KD019,ncit:C62496,TESEVATINIB,False,False,True
SI,hgnc:10856,SI,NCI,14-Sep-17,,0.366335738,STZ,rxcui:10114,STREPTOZOCIN,True,False,False
IL1RN,hgnc:6000,IL1RN,NCI,14-Sep-17,,0.300918642,MTX,rxcui:6851,METHOTREXATE,True,False,True
UNIPROT:P14416,hgnc:3023,DRD2,TEND,1-Aug-11,,0.08360036,FLUSPIRILENE,rxcui:4507,FLUSPIRILENE,True,False,False
DOPAMINE D2 RECEPTOR,hgnc:3023,DRD2,TTD,2020.06.01,,0.444126912,Ropinirole,rxcui:72302,ROPINIROLE,True,False,False
IL1RN,hgnc:6000,IL1RN,PharmGKB,5-Jun-23,,0.475645596,haloperidol,rxcui:26420,HALOPERIDOL DECANOATE,True,False,False
DOPAMINE D2 RECEPTOR,hgnc:3023,DRD2,TTD,2020.06.01,,0.096900417,Thiethylperazine,rxcui:10471,THIETHYLPERAZINE,True,False,False
BMP7,hgnc:1074,BMP7,PharmGKB,5-Jun-23,,0.081916742,cyclophosphamide,rxcui:1545988,CYCLOPHOSPHAMIDE ANHYDROUS,True,False,False
PSMD11,hgnc:9556,PSMD11,ChEMBL,32,inhibitor,0.55510639,BORTEZOMIB,rxcui:358258,BORTEZOMIB,True,False,True
DRD2,hgnc:3023,DRD2,ChEMBL,32,inhibitor,0.050757361,LEVOMEPROMAZINE,rxcui:6852,METHOTRIMEPRAZINE,True,False,False
DRD2,hgnc:3023,DRD2,ChEMBL,32,agonist,0.118433843,ARIPIPRAZOLE LAUROXIL,rxcui:1673265,ARIPIPRAZOLE LAUROXIL,True,False,False
SI,hgnc:10856,SI,ChEMBL,32,inhibitor,2.106430496,VOGLIBOSE,ncit:C95221,VOGLIBOSE,True,False,False
DRD2,hgnc:3023,DRD2,ChEMBL,32,inhibitor,0.236867686,ITOPRIDE,ncit:C65991,ITOPRIDE,False,False,False
EPHX2,hgnc:3402,EPHX2,ChEMBL,32,inhibitor,12.63858298,AR9281,chembl:CHEMBL436774,AR9281,False,False,False
IKBKE,hgnc:14552,IKBKE,DTC,5-Jun-23,,0.21064305,AZD-1775,ncit:C91725,ADAVOSERTIB,False,False,True
RASGRP3,hgnc:14545,RASGRP3,DTC,5-Jun-23,,5.89800539,PHORBOL MYRISTATE ACETATE,iuphar.ligand:2341,PHORBOL 12-MYRISTATE 13-ACETATE,False,False,False
NOS1,hgnc:7872,NOS1,NCI,14-Sep-17,,0.178727436,ANALGESICS,ncit:C241,ANALGESIC AGENT,False,False,False
NOS1,hgnc:7872,NOS1,NCI,14-Sep-17,,0.105133786,NSAID,ncit:C257,NONSTEROIDAL ANTIINFLAMMATORY DRUG,False,False,False
NOS1,hgnc:7872,NOS1,NCI,14-Sep-17,,0.223409295,IL-1RA,rxcui:72435,ANAKINRA,True,False,True
PTPRC,hgnc:9666,PTPRC,NCI,14-Sep-17,,0.312063777,ANTIOXIDANT,ncit:C275,ANTIOXIDANT,False,False,False
SLC2A1,hgnc:11005,SLC2A1,NCI,14-Sep-17,,0.117140127,PROGESTERONE,rxcui:8727,PROGESTERONE,True,False,False
DRD2,hgnc:3023,DRD2,PharmGKB,5-Jun-23,,0.032300139,naltrexone,rxcui:7243,NALTREXONE,True,False,False
BMP7,hgnc:1074,BMP7,PharmGKB,5-Jun-23,,0.083070498,vincristine,rxcui:11202,VINCRISTINE,True,False,True
TYMS,hgnc:12441,TYMS,PharmGKB,5-Jun-23,,0.053789379,risperidone,rxcui:35636,RISPERIDONE,True,False,False
BMP7,hgnc:1074,BMP7,PharmGKB,5-Jun-23,,0.086735373,cytarabine,rxcui:3041,CYTARABINE,True,False,True
BMP7,hgnc:1074,BMP7,PharmGKB,5-Jun-23,,0.07021435,dexamethasone,rxcui:3264,DEXAMETHASONE,True,False,True
UNIPROT:P14416,hgnc:3023,DRD2,TdgClinicalTrial,14-Jan,,0.118433843,ARIPIPRAZOLE,rxcui:1673265,ARIPIPRAZOLE LAUROXIL,True,False,False
UNIPROT:P14416,hgnc:3023,DRD2,TdgClinicalTrial,14-Jan,,0.213180918,ROTIGOTINE,rxcui:616739,ROTIGOTINE,True,False,False
UNIPROT:P14416,hgnc:3023,DRD2,TdgClinicalTrial,14-Jan,,0.355301529,ACETOPHENAZINE,rxcui:16735,ACETOPHENAZINE,True,False,False
UNIPROT:P14416,hgnc:3023,DRD2,TEND,1-Aug-11,,0.236867686,LOXAPINE,rxcui:6475,LOXAPINE,True,False,False
UNIPROT:P14416,hgnc:3023,DRD2,TEND,1-Aug-11,,0.059216922,PROCHLORPERAZINE,rxcui:8704,PROCHLORPERAZINE,True,False,False
UNIPROT:P14416,hgnc:3023,DRD2,TEND,1-Aug-11,,0.064600278,THIORIDAZINE,rxcui:10502,THIORIDAZINE,True,False,False
COMPLEMENT FACTOR H,hgnc:4883,CFH,TTD,2020.06.01,,29.49002695,Trumenba,rxcui:1593128,MENINGOCOCCAL GROUP B VACCINE,True,False,False
DOPAMINE D2 RECEPTOR,hgnc:3023,DRD2,TTD,2020.06.01,,0.236867686,Loxapine,rxcui:6475,LOXAPINE,True,False,False
DOPAMINE D2 RECEPTOR,hgnc:3023,DRD2,TTD,2020.06.01,,0.355301529,Acetophenazine,rxcui:16735,ACETOPHENAZINE,True,False,False
DOPAMINE D2 RECEPTOR,hgnc:3023,DRD2,TTD,2020.06.01,,0.177650765,Bevantolol,ncit:C79556,BEVANTOLOL,False,False,False
TYMS,hgnc:12441,TYMS,CIViC,5-Jun-23,,0.064699489,FLUOROURACIL,rxcui:4492,FLUOROURACIL,True,False,True
EPHX2,hgnc:3402,EPHX2,DTC,5-Jun-23,,16.85144397,ALOIN,ncit:C76760,ALOIN,False,False,False
UNIPROT:P14416,hgnc:3023,DRD2,TdgClinicalTrial,14-Jan,,0.177650765,ITI-007,rxcui:2275602,LUMATEPERONE,True,False,False
UNIPROT:P14416,hgnc:3023,DRD2,TEND,1-Aug-11,,0.355301529,LISURIDE,rxcui:6446,LISURIDE,False,False,False
DOPAMINE D2 RECEPTOR,hgnc:3023,DRD2,TTD,2020.06.01,,0.050757361,Phenoxybenzamine,rxcui:8149,PHENOXYBENZAMINE,True,False,False
DRD2,hgnc:3023,DRD2,PharmGKB,5-Jun-23,,0.592169216,pergolide,rxcui:8047,PERGOLIDE,True,False,False
NOS1,hgnc:7872,NOS1,NCI,14-Sep-17,,0.047033536,TESTOSTERONE,rxcui:10379,TESTOSTERONE,True,False,False
BMX,hgnc:1079,BMX,ChEMBL,32,inhibitor,2.457502246,PF-06651600,drugbank:DB14924,PF-06651600,False,False,False
TYMS,hgnc:12441,TYMS,ChEMBL,32,inhibitor,0.391894046,FLOXURIDINE,rxcui:4488,FLOXURIDINE,True,False,True
DRD2,hgnc:3023,DRD2,ChEMBL,32,agonist,0.050757361,BROMOCRIPTINE MESYLATE,rxcui:142426,BROMOCRIPTINE MESYLATE,True,False,False
DRD2,hgnc:3023,DRD2,ChEMBL,32,inverse agonist,0.088825382,HALOPERIDOL LACTATE,rxcui:217483,HALOPERIDOL LACTATE,True,False,False
TYMS,hgnc:12441,TYMS,ChEMBL,32,inhibitor,1.02872187,DOXIFLURIDINE,ncit:C978,DOXIFLURIDINE,False,False,False
BMX,hgnc:1079,BMX,DTC,5-Jun-23,,14.74501347,PD-168393,drugbank:DB07662,PD-168393,False,False,False
DRD2,hgnc:3023,DRD2,DTC,5-Jun-23,,0.101514723,DIHYDREXIDINE,drugbank:DB12890,DIHYDREXIDINE,False,False,False
NOS1,hgnc:7872,NOS1,NCI,14-Sep-17,,0.119151624,ADJUVANT,ncit:C2140,ADJUVANT,False,False,False
NOS1,hgnc:7872,NOS1,NCI,14-Sep-17,,0.059575812,CORTICOSTEROIDS,ncit:C211,THERAPEUTIC CORTICOSTEROID,False,False,False
NOS1,hgnc:7872,NOS1,NCI,14-Sep-17,,0.357454872,GSPE,ncit:C2689,IH636 GRAPE SEED PROANTHOCYANIDIN EXTRACT,False,False,False
PECAM1,hgnc:8823,PECAM1,NCI,14-Sep-17,,2.564350169,RESVERATROL,rxcui:1000492,RESVERATROL,True,False,False
PTPRC,hgnc:9666,PTPRC,NCI,14-Sep-17,,3.276669661,RHTPO,ncit:C878,RECOMBINANT HUMAN THROMBOPOIETIN,False,False,False
S100A8,hgnc:10498,S100A8,NCI,14-Sep-17,,1.203674569,MTX,rxcui:6851,METHOTREXATE,True,False,True
SI,hgnc:10856,SI,NCI,14-Sep-17,,0.32406623,INSULIN,rxcui:253182,"INSULIN, REGULAR, HUMAN",True,False,False
SLC2A1,hgnc:11005,SLC2A1,NCI,14-Sep-17,,0.269931597,GENTAMICIN,rxcui:1596450,GENTAMICIN,True,False,False
TYMS,hgnc:12441,TYMS,NCI,14-Sep-17,,0.039757367,DAUNOMYCIN,rxcui:3109,DAUNORUBICIN,True,False,True
NOS1,hgnc:7872,NOS1,PharmGKB,5-Jun-23,,0.028827006,epirubicin,rxcui:3995,EPIRUBICIN,True,False,True
UNIPROT:P14416,hgnc:3023,DRD2,TdgClinicalTrial,14-Jan,,0.266476147,CARPHENAZINE,ncit:C73285,CARPHENAZINE,True,False,False
UNIPROT:P50416,hgnc:2328,CPT1A,TdgClinicalTrial,14-Jan,,8.425721985,PERHEXILINE,rxcui:8050,PERHEXILINE,False,False,False
UNIPROT:P50416,hgnc:2328,CPT1A,TEND,1-Aug-11,,8.425721985,PERHEXILINE,rxcui:8050,PERHEXILINE,False,False,False
UNIPROT:P14416,hgnc:3023,DRD2,TEND,1-Aug-11,,0.071060306,PERPHENAZINE,rxcui:8076,PERPHENAZINE,True,False,False
UNIPROT:P14416,hgnc:3023,DRD2,TEND,1-Aug-11,,0.213180918,ZUCLOPENTHIXOL,rxcui:114176,ZUCLOPENTHIXOL,True,False,False
CALGRANULIN D,hgnc:10489,S100A12,TTD,2020.06.01,,5.89800539,Atogepant,rxcui:2571813,ATOGEPANT,True,False,False
DOPAMINE D2 RECEPTOR,hgnc:3023,DRD2,TTD,2020.06.01,,0.710603059,Quinagolide,rxcui:76887,QUINAGOLIDE,False,False,False
DOPAMINE D2 RECEPTOR,hgnc:3023,DRD2,TTD,2020.06.01,,0.067676482,Ziprasidone,rxcui:115698,ZIPRASIDONE,True,False,False
MATRIX METALLOPROTEINASE-8,hgnc:7175,MMP8,TTD,2020.06.01,,8.425721985,CIPEMASTAT,ncit:C96297,CIPEMASTAT,False,False,False
DOPAMINE D2 RECEPTOR,hgnc:3023,DRD2,TTD,2020.06.01,,0.266476147,Carphenazine,ncit:C73285,CARPHENAZINE,True,False,False
DOPAMINE D2 RECEPTOR,hgnc:3023,DRD2,TTD,2020.06.01,,0.532952294,Pridopidine,ncit:C170349,PRIDOPIDINE,False,False,False
CD44,hgnc:1681,CD44,CIViC,5-Jun-23,,0.030449176,CISPLATIN,rxcui:2555,CISPLATIN,True,False,True
UNIPROT:P14416,hgnc:3023,DRD2,TdgClinicalTrial,14-Jan,,0.071060306,PERPHENAZINE,rxcui:8076,PERPHENAZINE,True,False,False
DRD2,hgnc:3023,DRD2,ChEMBL,32,agonist,0.355301529,PF-00217830,drugbank:DB12998,PF-00217830,False,False,False
TYMS,hgnc:12441,TYMS,CIViC,5-Jun-23,,0.092991807,IRINOTECAN,rxcui:153329,IRINOTECAN HYDROCHLORIDE,True,False,True
TYMS,hgnc:12441,TYMS,ClearityFoundationClinicalTrial,15-Jun-13,inhibitor,0.391894046,FLOXURIDINE,rxcui:4488,FLOXURIDINE,True,False,True
DRD2,hgnc:3023,DRD2,ChEMBL,32,modulator,0.532952294,PRIDOPIDINE,ncit:C170349,PRIDOPIDINE,False,False,False
DRD2,hgnc:3023,DRD2,ChEMBL,32,inhibitor,0.067676482,ZIPRASIDONE HYDROCHLORIDE,rxcui:115698,ZIPRASIDONE,True,False,False
DOPAMINE D2 RECEPTOR,hgnc:3023,DRD2,TTD,2020.06.01,,0.213180918,Zuclopenthixol,rxcui:114176,ZUCLOPENTHIXOL,True,False,False
SLC2A1,hgnc:11005,SLC2A1,NCI,14-Sep-17,,0.282201215,TRIAMCINOLONE,rxcui:10759,TRIAMCINOLONE,True,False,False
SLC2A1,hgnc:11005,SLC2A1,NCI,14-Sep-17,,0.144382017,PHENYTOIN,rxcui:71227,PHENYTOIN SODIUM,True,False,False
DRD2,hgnc:3023,DRD2,ChEMBL,32,inhibitor,0.067676482,ZIPRASIDONE MESYLATE,rxcui:115698,ZIPRASIDONE,True,False,False
DRD2,hgnc:3023,DRD2,ChEMBL,32,inhibitor,0.203029445,CHLORPROTHIXENE,rxcui:2406,CHLORPROTHIXENE,True,False,False
DRD2,hgnc:3023,DRD2,ChEMBL,32,agonist,2.131809177,CABERGOLINE,rxcui:47579,CABERGOLINE,True,False,False
DRD2,hgnc:3023,DRD2,ChEMBL,32,inhibitor,0.118433843,THIOTHIXENE HYDROCHLORIDE,rxcui:91135,THIOTHIXENE HYDROCHLORIDE,True,False,False
DRD2,hgnc:3023,DRD2,ChEMBL,32,inverse agonist,0.045845359,HALOPERIDOL DECANOATE,rxcui:26420,HALOPERIDOL DECANOATE,True,False,False
DRD2,hgnc:3023,DRD2,ChEMBL,32,inhibitor,0.044412691,PROMAZINE HYDROCHLORIDE,rxcui:142444,PROMAZINE HYDROCHLORIDE,True,False,False
PSMD11,hgnc:9556,PSMD11,ChEMBL,32,inhibitor,0.302461815,IXAZOMIB CITRATE,rxcui:1723734,IXAZOMIB CITRATE,True,False,True
IL13RA1,hgnc:5974,IL13RA1,ChEMBL,32,binder,39.32003593,CINTREDEKIN BESUDOTOX,ncit:C2599,CINTREDEKIN BESUDOTOX,False,False,False
DRD2,hgnc:3023,DRD2,ChEMBL,32,inhibitor,0.118433843,AMINEPTINE,rxcui:17698,AMINEPTIN,True,False,False
DRD2,hgnc:3023,DRD2,ChEMBL,32,inhibitor,1.065904588,JNJ-37822681,drugbank:DB12579,JNJ-37822681,False,False,False
MMP8,hgnc:7175,MMP8,ChEMBL,32,inhibitor,1.404286998,REBIMASTAT,ncit:C1875,REBIMASTAT,False,False,False
ATR,hgnc:882,ATR,ClearityFoundationBiomarkers,26-Jul-13,,0.216044153,OLAPARIB,rxcui:1597582,OLAPARIB,True,False,True
TYMS,hgnc:12441,TYMS,DTC,5-Jun-23,,2.743258321,THYMIDINE MONOPHOSPHATE,drugbank:DB01643,THYMIDINE MONOPHOSPHATE,False,False,False
DRD2,hgnc:3023,DRD2,DTC,5-Jun-23,,0.045845359,HALOPERIDOL,rxcui:26420,HALOPERIDOL DECANOATE,True,False,False
EPHX2,hgnc:3402,EPHX2,DTC,5-Jun-23,,0.765974726,FULVESTRANT,rxcui:282357,FULVESTRANT,True,False,True
CYBB,hgnc:2578,CYBB,DTC,5-Jun-23,,1.512309074,APIGENIN,rxcui:1368130,APIGENIN,False,False,False
CD44,hgnc:1681,CD44,NCI,14-Sep-17,,0.394515411,GENTAMICIN,rxcui:1596450,GENTAMICIN,True,False,False
NOS1,hgnc:7872,NOS1,NCI,14-Sep-17,,0.063831227,STAUROSPORINE,ncit:C1237,STAUROSPORINE,False,False,False
SLC2A1,hgnc:11005,SLC2A1,NCI,14-Sep-17,,3.104213363,IL-7,iuphar.ligand:4999,IL-7,False,False,False
SLC2A1,hgnc:11005,SLC2A1,NCI,14-Sep-17,,0.238785643,DIAZEPAM,rxcui:3322,DIAZEPAM,True,False,False
SLC2A1,hgnc:11005,SLC2A1,NCI,14-Sep-17,,0.38802667,PIOGLITAZONE,rxcui:259319,PIOGLITAZONE HYDROCHLORIDE,True,False,False
SLC2A1,hgnc:11005,SLC2A1,NCI,14-Sep-17,,0.365201572,SELENIUM,rxcui:9641,SELENIUM,True,False,False
TYMS,hgnc:12441,TYMS,NCI,14-Sep-17,,0.038637441,VINCRISTINE,rxcui:11202,VINCRISTINE,True,False,True
DRD2,hgnc:3023,DRD2,PharmGKB,5-Jun-23,,6.75072906,nemonapride,ncit:C73036,NEMONAPRIDE,False,False,False
DRD2,hgnc:3023,DRD2,PharmGKB,5-Jun-23,,0.888253824,bromperidol,rxcui:19777,BROMPERIDOL,True,False,False
NOS1,hgnc:7872,NOS1,PharmGKB,5-Jun-23,,0.012411628,cyclophosphamide,rxcui:1545988,CYCLOPHOSPHAMIDE ANHYDROUS,True,False,False
BMP7,hgnc:1074,BMP7,PharmGKB,5-Jun-23,,0.1404287,prednisone,rxcui:8640,PREDNISONE,True,False,False
TYMS,hgnc:12441,TYMS,PharmGKB,5-Jun-23,,0.15240324,platinum,rxcui:1311280,PLATINUM,False,False,False
UNIPROT:P14416,hgnc:3023,DRD2,TEND,1-Aug-11,,0.284241224,DOMPERIDONE,rxcui:3626,DOMPERIDONE,True,False,False
UNIPROT:P14416,hgnc:3023,DRD2,TEND,1-Aug-11,,0.236867686,DROPERIDOL,rxcui:3648,DROPERIDOL,True,False,False
UNIPROT:P04818,hgnc:12441,TYMS,TEND,1-Aug-11,,0.433146051,PEMETREXED,rxcui:282443,PEMETREXED DISODIUM,True,False,True
CALGRANULIN D,hgnc:10489,S100A12,TTD,2020.06.01,,3.932003593,BMS-927711,rxcui:2282307,RIMEGEPANT,True,False,False
DOPAMINE D2 RECEPTOR,hgnc:3023,DRD2,TTD,2020.06.01,,0.118433843,Ergonovine,rxcui:4021,ERGONOVINE,False,False,False
DOPAMINE D2 RECEPTOR,hgnc:3023,DRD2,TTD,2020.06.01,,0.118433843,Piperacetazine,rxcui:8338,PIPERACETAZINE,True,False,False
DOPAMINE D2 RECEPTOR,hgnc:3023,DRD2,TTD,2020.06.01,,0.710603059,Aplindore fumarate,ncit:C76649,APLINDORE FUMARATE,False,False,False
PDE8A,hgnc:8793,PDE8A,ChEMBL,32,inhibitor,0.385490548,DIPYRIDAMOLE,rxcui:3521,DIPYRIDAMOLE,True,False,False
DRD2,hgnc:3023,DRD2,ChEMBL,32,inverse agonist,0.045845359,HALOPERIDOL,rxcui:26420,HALOPERIDOL DECANOATE,True,False,False
UNIPROT:P14416,hgnc:3023,DRD2,TEND,1-Aug-11,,0.050757361,PROPIOMAZINE,rxcui:8770,PROPIOMAZINE,True,False,False
DRD2,hgnc:3023,DRD2,ChEMBL,32,modulator,0.355301529,BENZQUINAMIDE HYDROCHLORIDE,rxcui:91272,BENZQUINAMIDE HYDROCHLORIDE,True,False,False
DOPAMINE D2 RECEPTOR,hgnc:3023,DRD2,TTD,2020.06.01,,0.177650765,Mazapertine succinate,ncit:C174754,MAZAPERTINE SUCCINATE,False,False,False
NOS1,hgnc:7872,NOS1,NCI,14-Sep-17,,0.06163015,CAFFEINE,rxcui:1886,CAFFEINE,True,False,False
