Official Symbol Interactor A,Official Symbol Interactor B,Interactor A Encoded,Interactor B Encoded,Prediction_Prob,Prediction
AKAP9,GTF2H1,72,1048,0.98,1
AKAP9,DNAH7,72,683,0.98,1
AKAP9,HSP90B1,72,1123,0.99,1
AKAP9,GSTA2,72,1044,0.99,1
AKAP9,HSPA8,72,1128,0.99,1
AKAP9,GUCA1C,72,1052,0.98,1
AKAP9,CTNNB1,72,587,0.98,1
AKAP9,DNAI1,72,686,0.98,1
AKAP9,DNMT3A,72,700,0.99,1
AKAP9,GUCA1B,72,1051,0.98,1
AKAP9,GUCA2B,72,1053,0.98,1
AKAP9,GSK3B,72,1041,0.99,1
AKAP9,GSTM5,72,1046,0.98,1
AKAP9,Gsk3b,72,1060,0.98,1
AKAP9,HSPA4L,72,1126,0.99,1
AKAP9,DNALI1,72,697,0.99,1
AKAP9,GSTM3,72,1045,0.98,1
AKAP9,HSP90AA1,72,1120,0.99,1
AKAP9,DNAL4,72,696,0.99,1
AKAP9,DNAH5,72,681,0.98,1
AKAP9,Gfap,72,1057,0.98,1
AKAP9,DNAH3,72,680,0.98,1
AKAP9,CTNNAL1,72,586,0.98,1
AKAP9,CTSO,72,588,0.98,1
AKAP9,DNHD1,72,698,0.99,1
AKAP9,Gm4779,72,1058,0.98,1
AKAP9,DNAL1,72,695,0.99,1
AKAP9,GSN,72,1042,0.99,1
AKAP9,CSNK1A1,72,568,0.99,1
AKAP9,CSGALNACT1,72,567,0.99,1
AKAP9,HSPA5,72,1127,0.99,1
AKAP9,GSTA1,72,1043,0.99,1
AKAP9,Gm8129,72,1059,0.98,1
AKAP9,DNAJC27,72,693,0.98,1
AKAP9,CSNK1E,72,570,0.99,1
AKAP9,GRXCR1,72,1039,0.99,1
AKAP9,GUCY2F,72,1055,0.98,1
AKAP9,GSF2,72,1040,0.99,1
AKAP9,HSPA12B,72,1124,0.99,1
AKAP9,DNAJB13,72,690,0.98,1
AKAP9,CSNK1G1,72,571,0.99,1
AKAP9,DNAJA1,72,688,0.98,1
AKAP9,HSP90AB1,72,1122,0.99,1
AKAP9,DNAH9,72,685,0.98,1
AKAP9,DNAI2,72,687,0.98,1
AKAP9,HSP90AA5P,72,1121,0.99,1
AKAP9,HSPA1L,72,1125,0.99,1
AKAP9,DNM2,72,699,0.99,1
AKAP9,GUCY2D,72,1054,0.98,1
AKAP9,CSNK1D,72,569,0.99,1
AKAP9,GUCA1A,72,1050,0.98,1
AKAP9,DNAH6,72,682,0.98,1
AKAP9,GYPA,72,1056,0.98,1
AKAP9,GTT1,72,1049,0.98,1
AKAP9,GTF2E1,72,1047,0.98,1
AKAP9,CTD-3148I10.1,72,585,0.98,1
AKAP9,DNAH8,72,684,0.98,1
AKAP9,DNAJC6,72,694,0.99,1
AKAP9,DNAJA4,72,689,0.98,1
AKAP9,DNAJC13,72,691,0.98,1
AKAP9,Gtf2e2,72,1061,0.98,1
AKAP9,HSPBP1,72,1130,0.99,1
AKAP9,DNAJC25-GNG10,72,692,0.98,1
AKAP9,HSPB11,72,1129,0.99,1
APP,GTF2H1,118,1048,0.99,1
APP,DNAH7,118,683,0.99,1
APP,HSP90B1,118,1123,1.0,1
APP,YTHDF2,118,2632,1.0,1
APP,GSTA2,118,1044,1.0,1
APP,HSPA8,118,1128,1.0,1
APP,GUCA1C,118,1052,0.99,1
APP,CTNNB1,118,587,0.98,1
APP,DNAI1,118,686,0.99,1
APP,DNMT3A,118,700,1.0,1
APP,GUCA1B,118,1051,0.99,1
APP,GUCA2B,118,1053,0.99,1
APP,GSK3B,118,1041,1.0,1
APP,GSTM5,118,1046,0.99,1
APP,Gsk3b,118,1060,0.99,1
APP,HSPA4L,118,1126,1.0,1
APP,DNALI1,118,697,1.0,1
APP,ZBBX,118,2638,1.0,1
APP,GSTM3,118,1045,0.99,1
APP,HSP90AA1,118,1120,1.0,1
APP,DNAL4,118,696,1.0,1
APP,YWHAE,118,2634,1.0,1
APP,DNAH5,118,681,0.99,1
APP,Gfap,118,1057,0.99,1
APP,DNAH3,118,680,0.99,1
APP,CTNNAL1,118,586,0.98,1
APP,CTSO,118,588,0.98,1
APP,DNHD1,118,698,1.0,1
APP,Gm4779,118,1058,0.99,1
APP,DNAL1,118,695,1.0,1
APP,GSN,118,1042,1.0,1
APP,CSNK1A1,118,568,0.99,1
APP,CSGALNACT1,118,567,0.99,1
APP,HSPA5,118,1127,1.0,1
APP,GSTA1,118,1043,1.0,1
APP,Gm8129,118,1059,0.99,1
APP,DNAJC27,118,693,0.99,1
APP,CSNK1E,118,570,0.99,1
APP,GRXCR1,118,1039,1.0,1
APP,GUCY2F,118,1055,0.99,1
APP,GSF2,118,1040,1.0,1
APP,YWHAQ,118,2637,1.0,1
APP,HSPA12B,118,1124,1.0,1
APP,DNAJB13,118,690,0.99,1
APP,CSNK1G1,118,571,0.99,1
APP,DNAJA1,118,688,0.99,1
APP,HSP90AB1,118,1122,1.0,1
APP,DNAH9,118,685,0.99,1
APP,DNAI2,118,687,0.99,1
APP,HSP90AA5P,118,1121,1.0,1
APP,HSPA1L,118,1125,1.0,1
APP,YTHDF3,118,2633,1.0,1
APP,DNM2,118,699,1.0,1
APP,GUCY2D,118,1054,0.99,1
APP,CSNK1D,118,569,0.99,1
APP,GUCA1A,118,1050,0.99,1
APP,DNAH6,118,682,0.99,1
APP,GYPA,118,1056,0.99,1
APP,YWHAG,118,2635,1.0,1
APP,GTT1,118,1049,0.99,1
APP,GTF2E1,118,1047,0.99,1
APP,CTD-3148I10.1,118,585,0.98,1
APP,DNAH8,118,684,0.99,1
APP,ARAF,118,119,1.0,1
APP,DNAJC6,118,694,1.0,1
APP,YWHAH,118,2636,1.0,1
APP,DNAJA4,118,689,0.99,1
APP,DNAJC13,118,691,0.99,1
APP,Gtf2e2,118,1061,0.99,1
APP,HSPBP1,118,1130,1.0,1
APP,DNAJC25-GNG10,118,692,0.99,1
APP,HSPB11,118,1129,1.0,1
HSP90AA1,GTF2H1,1120,1048,0.99,1
HSP90AA1,APP,1120,118,1.0,1
HSP90AA1,HUWE1,1120,1134,1.0,1
HSP90AA1,TUBA1B,1120,2480,1.0,1
HSP90AA1,HSP90B1,1120,1123,1.0,1
HSP90AA1,ARF4,1120,121,1.0,1
HSP90AA1,ARHGAP5,1120,130,1.0,1
HSP90AA1,YTHDF2,1120,2632,1.0,1
HSP90AA1,TRIM27,1120,2427,0.98,1
HSP90AA1,AKT1,1120,76,1.0,1
HSP90AA1,GSTA2,1120,1044,1.0,1
HSP90AA1,HSPA8,1120,1128,1.0,1
HSP90AA1,ARFGEF2,1120,123,1.0,1
HSP90AA1,GUCA1C,1120,1052,0.99,1
HSP90AA1,ARL6,1120,142,0.98,1
HSP90AA1,FMNL3,1120,922,0.99,1
HSP90AA1,EEF1A1,1120,757,0.99,1
HSP90AA1,HDAC6,1120,1079,1.0,1
HSP90AA1,CTNNB1,1120,587,1.0,1
HSP90AA1,ARL13B,1120,137,0.99,1
HSP90AA1,TUBB2B,1120,2486,0.99,1
HSP90AA1,FLNB,1120,920,0.99,1
HSP90AA1,ARHGAP35,1120,129,1.0,1
HSP90AA1,HAUS3,1120,1069,0.99,1
HSP90AA1,GUCA1B,1120,1051,0.99,1
HSP90AA1,HAUS2,1120,1068,0.99,1
HSP90AA1,GUCA2B,1120,1053,0.99,1
HSP90AA1,GSK3B,1120,1041,1.0,1
HSP90AA1,HCN2,1120,1076,0.99,1
HSP90AA1,ARL4D,1120,141,0.98,1
HSP90AA1,GSTM5,1120,1046,0.99,1
HSP90AA1,Gsk3b,1120,1060,0.99,1
HSP90AA1,HSPA4L,1120,1126,1.0,1
HSP90AA1,HHIP,1120,1087,1.0,1
HSP90AA1,ZBBX,1120,2638,1.0,1
HSP90AA1,PRKAR2B,1120,1830,0.98,1
HSP90AA1,"ARG5,6",1120,126,1.0,1
HSP90AA1,CYLD,1120,597,0.99,1
HSP90AA1,HDA3,1120,1078,0.99,1
HSP90AA1,CYLC2,1120,596,0.99,1
HSP90AA1,GSTM3,1120,1045,0.99,1
HSP90AA1,ARFIP1,1120,124,1.0,1
HSP90AA1,ARL14EP,1120,138,0.99,1
HSP90AA1,AREG,1120,120,0.99,1
HSP90AA1,ALDH1A3,1120,80,1.0,1
HSP90AA1,TRIM32,1120,2428,0.98,1
HSP90AA1,TTLL6,1120,2473,1.0,1
HSP90AA1,ARHGAP10,1120,127,1.0,1
HSP90AA1,HIF1A,1120,1088,1.0,1
HSP90AA1,PRKCH,1120,1831,0.98,1
HSP90AA1,YWHAE,1120,2634,1.0,1
HSP90AA1,Gfap,1120,1057,0.99,1
HSP90AA1,H2-Aa,1120,1062,0.99,1
HSP90AA1,CTNNAL1,1120,586,1.0,1
HSP90AA1,CTSO,1120,588,1.0,1
HSP90AA1,TTLL7,1120,2474,1.0,1
HSP90AA1,AKIRIN1,1120,73,0.98,1
HSP90AA1,Gm4779,1120,1058,0.99,1
HSP90AA1,AKT1S1,1120,77,1.0,1
HSP90AA1,FLNA,1120,919,0.99,1
HSP90AA1,GSN,1120,1042,1.0,1
HSP90AA1,CSNK1A1,1120,568,0.99,1
HSP90AA1,HAUS5,1120,1071,0.99,1
HSP90AA1,CSGALNACT1,1120,567,0.99,1
HSP90AA1,PRKAR2A,1120,1829,0.98,1
HSP90AA1,HSPA5,1120,1127,1.0,1
HSP90AA1,GSTA1,1120,1043,1.0,1
HSP90AA1,Gm8129,1120,1059,0.99,1
HSP90AA1,CSNK1E,1120,570,0.99,1
HSP90AA1,HAP1,1120,1066,1.0,1
HSP90AA1,ARHGDIB,1120,131,1.0,1
HSP90AA1,TRIM41,1120,2430,0.98,1
HSP90AA1,HAUS8,1120,1074,0.99,1
HSP90AA1,GRXCR1,1120,1039,1.0,1
HSP90AA1,GUCY2F,1120,1055,0.99,1
HSP90AA1,HAVCR1,1120,1075,0.99,1
HSP90AA1,GSF2,1120,1040,1.0,1
HSP90AA1,YWHAQ,1120,2637,1.0,1
HSP90AA1,CYFIP2,1120,595,0.99,1
HSP90AA1,HSPA12B,1120,1124,1.0,1
HSP90AA1,HAUS4,1120,1070,0.99,1
HSP90AA1,TUBA1C,1120,2481,1.0,1
HSP90AA1,APOH,1120,115,0.99,1
HSP90AA1,CSNK1G1,1120,571,0.99,1
HSP90AA1,HSP90AB1,1120,1122,1.0,1
HSP90AA1,EFCAB1,1120,759,0.99,1
HSP90AA1,PRKACB,1120,1824,1.0,1
HSP90AA1,APOO,1120,117,1.0,1
HSP90AA1,AP3B1,1120,105,1.0,1
HSP90AA1,EFCAB12,1120,761,0.99,1
HSP90AA1,ARID4B,1120,136,0.99,1
HSP90AA1,HAL,1120,1065,0.99,1
HSP90AA1,ARHGEF11,1120,133,0.99,1
HSP90AA1,EDC4,1120,755,0.99,1
HSP90AA1,EDEM1,1120,756,0.99,1
HSP90AA1,HSP90AA5P,1120,1121,1.0,1
HSP90AA1,HTT,1120,1133,1.0,1
HSP90AA1,EFCAB11,1120,760,0.99,1
HSP90AA1,HSPA1L,1120,1125,1.0,1
HSP90AA1,ARL6IP6,1120,143,0.98,1
HSP90AA1,ARF5,1120,122,1.0,1
HSP90AA1,ANXA1,1120,103,1.0,1
HSP90AA1,TTR,1120,2477,1.0,1
HSP90AA1,TUBB,1120,2484,0.99,1
HSP90AA1,YTHDF3,1120,2633,1.0,1
HSP90AA1,H2afj,1120,1064,0.99,1
HSP90AA1,H2AFJ,1120,1063,0.99,1
HSP90AA1,GUCY2D,1120,1054,0.99,1
HSP90AA1,ARHGEF19,1120,134,0.99,1
HSP90AA1,ARG1,1120,125,1.0,1
HSP90AA1,ALAS2,1120,78,1.0,1
HSP90AA1,ARHGEF3,1120,135,0.99,1
HSP90AA1,TRIM36,1120,2429,0.98,1
HSP90AA1,CSNK1D,1120,569,0.99,1
HSP90AA1,EEF1D,1120,758,0.99,1
HSP90AA1,GUCA1A,1120,1050,0.99,1
HSP90AA1,ARHGDIG,1120,132,0.99,1
HSP90AA1,GYPA,1120,1056,0.99,1
HSP90AA1,HAUS7,1120,1073,0.99,1
HSP90AA1,YWHAG,1120,2635,1.0,1
HSP90AA1,GTT1,1120,1049,0.99,1
HSP90AA1,PRKACG,1120,1825,1.0,1
HSP90AA1,HAUS6,1120,1072,0.99,1
HSP90AA1,GTF2E1,1120,1047,0.99,1
HSP90AA1,ALDH1A1,1120,79,1.0,1
HSP90AA1,TUBA1A,1120,2479,1.0,1
HSP90AA1,CWC25,1120,593,0.99,1
HSP90AA1,CTD-3148I10.1,1120,585,1.0,1
HSP90AA1,TUBA3D,1120,2482,1.0,1
HSP90AA1,HIPK1,1120,1089,1.0,1
HSP90AA1,AP3M2,1120,106,0.98,1
HSP90AA1,ARAF,1120,119,1.0,1
HSP90AA1,APOL1,1120,116,1.0,1
HSP90AA1,TUBA4A,1120,2483,1.0,1
HSP90AA1,TTLL3,1120,2470,1.0,1
HSP90AA1,AKAP9,1120,72,0.98,1
HSP90AA1,TUB,1120,2478,1.0,1
HSP90AA1,ARL3,1120,140,0.99,1
HSP90AA1,CYP2C8,1120,598,0.99,1
HSP90AA1,ARHGAP27,1120,128,1.0,1
HSP90AA1,FNBP1L,1120,923,0.99,1
HSP90AA1,YWHAH,1120,2636,1.0,1
HSP90AA1,TTLL9,1120,2476,1.0,1
HSP90AA1,Gtf2e2,1120,1061,0.99,1
HSP90AA1,TTLL11,1120,2469,1.0,1
HSP90AA1,FLOT2,1120,921,0.99,1
HSP90AA1,ANXA4,1120,104,1.0,1
HSP90AA1,TTLL4,1120,2471,1.0,1
HSP90AA1,CYB5D1,1120,594,0.99,1
HSP90AA1,HSPBP1,1120,1130,1.0,1
HSP90AA1,HCST,1120,1077,0.99,1
HSP90AA1,PRKACA,1120,1823,1.0,1
HSP90AA1,TUBB2A,1120,2485,0.99,1
HSP90AA1,ARL2BP,1120,139,0.99,1
HSP90AA1,HSPB11,1120,1129,1.0,1
HSP90AA1,TTLL8,1120,2475,1.0,1
HSP90AA1,TRIM46,1120,2431,0.98,1
HSP90AA1,HAUS1,1120,1067,1.0,1
HSP90AA1,HDDC3,1120,1080,1.0,1
HSP90AA1,TTLL5,1120,2472,1.0,1
YWHAG,KIF7,2635,1281,1.0,1
YWHAG,APP,2635,118,0.99,1
YWHAG,PANX2,2635,1675,1.0,1
YWHAG,TTC29,2635,2461,0.99,1
YWHAG,PALM3,2635,1673,0.99,1
YWHAG,HUWE1,2635,1134,1.0,1
YWHAG,TUBA1B,2635,2480,1.0,1
YWHAG,HSP90B1,2635,1123,1.0,1
YWHAG,ARF4,2635,121,0.98,1
YWHAG,PI4K2A,2635,1743,0.98,1
YWHAG,TUBB4B,2635,2489,0.99,1
YWHAG,PAX1,2635,1681,0.99,1
YWHAG,PANX1,2635,1674,0.99,1
YWHAG,YTHDF2,2635,2632,1.0,1
YWHAG,TUBGCP2,2635,2492,0.98,1
YWHAG,PIFO,2635,1746,0.98,1
YWHAG,TRIM27,2635,2427,1.0,1
YWHAG,PAFAH1B1,2635,1668,0.98,1
YWHAG,HSPA8,2635,1128,1.0,1
YWHAG,PCDHGB2,2635,1691,0.99,1
YWHAG,HDAC6,2635,1079,0.98,1
YWHAG,PAXBP1,2635,1682,0.99,1
YWHAG,CTNNB1,2635,587,0.99,1
YWHAG,KISS1,2635,1285,0.98,1
YWHAG,TUBB2B,2635,2486,0.99,1
YWHAG,KIF5A,2635,1277,1.0,1
YWHAG,TUBB3,2635,2487,0.99,1
YWHAG,HSPA4L,2635,1126,1.0,1
YWHAG,TTC18,2635,2457,0.99,1
YWHAG,ZBBX,2635,2638,1.0,1
YWHAG,CSNK2B,2635,573,0.98,1
YWHAG,TUBB4A,2635,2488,0.99,1
YWHAG,TRMT61B,2635,2440,0.99,1
YWHAG,KIFAP3,2635,1283,1.0,1
YWHAG,HSP90AA1,2635,1120,1.0,1
YWHAG,TRIM32,2635,2428,1.0,1
YWHAG,TTLL6,2635,2473,1.0,1
YWHAG,TSEN2,2635,2446,0.99,1
YWHAG,YWHAE,2635,2634,1.0,1
YWHAG,TTC30B,2635,2463,1.0,1
YWHAG,CTNNAL1,2635,586,0.99,1
YWHAG,KIF3B,2635,1275,1.0,1
YWHAG,CTSO,2635,588,0.99,1
YWHAG,TTLL7,2635,2474,1.0,1
YWHAG,PCM1,2635,1695,1.0,1
YWHAG,TRIM71,2635,2433,1.0,1
YWHAG,KIF3C,2635,1276,1.0,1
YWHAG,CSNK1A1,2635,568,1.0,1
YWHAG,PCNT,2635,1697,1.0,1
YWHAG,HSPA5,2635,1127,1.0,1
YWHAG,PIH1D3,2635,1751,0.98,1
YWHAG,PARS2,2635,1680,0.99,1
YWHAG,CSNK1E,2635,570,1.0,1
YWHAG,PIBF1,2635,1744,0.98,1
YWHAG,TRIM41,2635,2430,1.0,1
YWHAG,PCMTD1,2635,1696,1.0,1
YWHAG,PARD3,2635,1677,1.0,1
YWHAG,TRMT5,2635,2438,1.0,1
YWHAG,TRIM9,2635,2435,1.0,1
YWHAG,YWHAQ,2635,2637,1.0,1
YWHAG,HSPA12B,2635,1124,1.0,1
YWHAG,PID1,2635,1745,0.98,1
YWHAG,TUBGCP3,2635,2493,0.98,1
YWHAG,TUBA1C,2635,2481,1.0,1
YWHAG,CSNK1G1,2635,571,1.0,1
YWHAG,HSP90AB1,2635,1122,1.0,1
YWHAG,KIF6,2635,1280,1.0,1
YWHAG,KIF5C,2635,1279,1.0,1
YWHAG,TRMT6,2635,2439,0.99,1
YWHAG,TRIP11,2635,2436,1.0,1
YWHAG,TUBE1,2635,2490,0.98,1
YWHAG,HTR6,2635,1131,0.99,1
YWHAG,TTC40,2635,2464,1.0,1
YWHAG,TSPEAR,2635,2450,0.99,1
YWHAG,APOO,2635,117,0.99,1
YWHAG,PCDP1,2635,1692,1.0,1
YWHAG,TTLL10,2635,2468,1.0,1
YWHAG,TTC26,2635,2460,0.99,1
YWHAG,TTC30A,2635,2462,1.0,1
YWHAG,TSTD2,2635,2454,0.99,1
YWHAG,PIGF,2635,1748,0.98,1
YWHAG,KIR3DL3,2635,1284,0.99,1
YWHAG,PIN1,2635,1756,0.98,1
YWHAG,PCDHB15,2635,1689,0.99,1
YWHAG,TTLL1,2635,2467,1.0,1
YWHAG,TTK,2635,2466,1.0,1
YWHAG,TRPC5,2635,2443,0.99,1
YWHAG,HTRA2,2635,1132,0.99,1
YWHAG,HSP90AA5P,2635,1121,1.0,1
YWHAG,HTT,2635,1133,1.0,1
YWHAG,TRPV4,2635,2445,0.99,1
YWHAG,PCDH15,2635,1685,0.99,1
YWHAG,PIGS,2635,1749,0.98,1
YWHAG,HSPA1L,2635,1125,1.0,1
YWHAG,KIF9,2635,1282,1.0,1
YWHAG,PAPOLA,2635,1676,1.0,1
YWHAG,TTR,2635,2477,1.0,1
YWHAG,TUBB,2635,2484,0.99,1
YWHAG,YTHDF3,2635,2633,1.0,1
YWHAG,TTC21A,2635,2458,0.99,1
YWHAG,PCDHA4,2635,1687,0.99,1
YWHAG,PCGF1,2635,1693,1.0,1
YWHAG,CSNK2A3,2635,572,1.0,1
YWHAG,TSPAN31,2635,2449,0.99,1
YWHAG,PARP15,2635,1679,1.0,1
YWHAG,PCDHGA1,2635,1690,0.99,1
YWHAG,TRIM36,2635,2429,1.0,1
YWHAG,CSNK1D,2635,569,1.0,1
YWHAG,PBX1,2635,1683,0.99,1
YWHAG,PIH1D2,2635,1750,0.98,1
YWHAG,TSNAXIP1,2635,2448,0.99,1
YWHAG,CTD-2373H9.6,2635,584,0.99,1
YWHAG,TTC8,2635,2465,1.0,1
YWHAG,TRIB2,2635,2426,1.0,1
YWHAG,PCGF6,2635,1694,1.0,1
YWHAG,TRPT1,2635,2444,0.99,1
YWHAG,PAGR1,2635,1669,0.98,1
YWHAG,TTC12,2635,2456,0.99,1
YWHAG,PARD6A,2635,1678,1.0,1
YWHAG,TSSC1,2635,2452,0.99,1
YWHAG,TRMT12,2635,2437,1.0,1
YWHAG,TSGA10,2635,2447,0.99,1
YWHAG,TRIM59,2635,2432,1.0,1
YWHAG,TUBA1A,2635,2479,1.0,1
YWHAG,TUBG1,2635,2491,0.98,1
YWHAG,TROVE2,2635,2442,0.99,1
YWHAG,CTD-3148I10.1,2635,585,0.99,1
YWHAG,TUBA3D,2635,2482,0.99,1
YWHAG,PCDHA8,2635,1688,0.99,1
YWHAG,ARAF,2635,119,0.99,1
YWHAG,PIL1,2635,1755,0.98,1
YWHAG,APOL1,2635,116,0.99,1
YWHAG,TUBA4A,2635,2483,0.99,1
YWHAG,TTLL3,2635,2470,1.0,1
YWHAG,TTC21B,2635,2459,0.99,1
YWHAG,PCBD2,2635,1684,0.99,1
YWHAG,TTBK2,2635,2455,0.99,1
YWHAG,TSSK1B,2635,2453,0.99,1
YWHAG,TUB,2635,2478,1.0,1
YWHAG,PCDHA10,2635,1686,0.99,1
YWHAG,YWHAH,2635,2636,1.0,1
YWHAG,TTLL9,2635,2476,1.0,1
YWHAG,TTLL11,2635,2469,1.0,1
YWHAG,TTLL4,2635,2471,1.0,1
YWHAG,TSPYL1,2635,2451,0.99,1
YWHAG,PIGA,2635,1747,0.98,1
YWHAG,HSPBP1,2635,1130,1.0,1
YWHAG,TUBB2A,2635,2485,0.99,1
YWHAG,HSPB11,2635,1129,1.0,1
YWHAG,TTLL8,2635,2475,1.0,1
YWHAG,TRIM46,2635,2431,1.0,1
YWHAG,TRIM73,2635,2434,1.0,1
YWHAG,HDDC3,2635,1080,0.98,1
YWHAG,TROAP,2635,2441,0.99,1
YWHAG,KIF5B,2635,1278,1.0,1
YWHAG,TTLL5,2635,2472,1.0,1
PRKACA,APP,1823,118,1.0,1
PRKACA,HUWE1,1823,1134,1.0,1
PRKACA,HSP90B1,1823,1123,1.0,1
PRKACA,ARF4,1823,121,1.0,1
PRKACA,HSPA8,1823,1128,1.0,1
PRKACA,HDAC6,1823,1079,1.0,1
PRKACA,CTNNB1,1823,587,1.0,1
PRKACA,HEATR2,1823,1083,0.98,1
PRKACA,HES1,1823,1084,0.98,1
PRKACA,HDHD2,1823,1082,0.98,1
PRKACA,HSPA4L,1823,1126,1.0,1
PRKACA,CSNK2B,1823,573,0.98,1
PRKACA,PRKAR2B,1823,1830,1.0,1
PRKACA,AREG,1823,120,0.99,1
PRKACA,HSP90AA1,1823,1120,1.0,1
PRKACA,CCDC41,1823,403,0.99,1
PRKACA,CCDC40,1823,402,0.99,1
PRKACA,CCDC42B,1823,404,0.99,1
PRKACA,PRKCH,1823,1831,1.0,1
PRKACA,CTNNAL1,1823,586,1.0,1
PRKACA,CTSO,1823,588,1.0,1
PRKACA,AKIRIN1,1823,73,1.0,1
PRKACA,CCDC93,1823,415,0.98,1
PRKACA,CSNK1A1,1823,568,1.0,1
PRKACA,CSGALNACT1,1823,567,1.0,1
PRKACA,PRKAR2A,1823,1829,1.0,1
PRKACA,HSPA5,1823,1127,1.0,1
PRKACA,CCDC65,1823,409,0.98,1
PRKACA,CSNK1E,1823,570,1.0,1
PRKACA,CCDC81,1823,413,0.98,1
PRKACA,HSPA12B,1823,1124,1.0,1
PRKACA,CCDC53,1823,405,0.99,1
PRKACA,CCDC74A,1823,410,0.98,1
PRKACA,CSNK1G1,1823,571,1.0,1
PRKACA,HSP90AB1,1823,1122,1.0,1
PRKACA,PRKACB,1823,1824,1.0,1
PRKACA,HTR6,1823,1131,0.98,1
PRKACA,APOO,1823,117,0.99,1
PRKACA,CCDC78,1823,412,0.98,1
PRKACA,HTRA2,1823,1132,0.98,1
PRKACA,HSP90AA5P,1823,1121,1.0,1
PRKACA,HTT,1823,1133,1.0,1
PRKACA,HSPA1L,1823,1125,1.0,1
PRKACA,ARF5,1823,122,0.98,1
PRKACA,CCDC28B,1823,398,0.99,1
PRKACA,CSNK2A3,1823,572,1.0,1
PRKACA,HDGFRP3,1823,1081,0.98,1
PRKACA,CCDC37,1823,400,0.99,1
PRKACA,CSNK1D,1823,569,1.0,1
PRKACA,CTD-2373H9.6,1823,584,1.0,1
PRKACA,CCDC74B,1823,411,0.98,1
PRKACA,PRKACG,1823,1825,1.0,1
PRKACA,CTD-3148I10.1,1823,585,1.0,1
PRKACA,ARAF,1823,119,1.0,1
PRKACA,APOL1,1823,116,0.99,1
PRKACA,AKAP9,1823,72,1.0,1
PRKACA,CCDC6,1823,406,0.99,1
PRKACA,CCDC33,1823,399,0.99,1
PRKACA,CCDC63,1823,408,0.99,1
PRKACA,CCDC88A,1823,414,0.98,1
PRKACA,CCDC61,1823,407,0.99,1
PRKACA,CCDC39,1823,401,0.99,1
PRKACA,HSPBP1,1823,1130,1.0,1
PRKACA,HSPB11,1823,1129,1.0,1
PRKACA,HDDC3,1823,1080,1.0,1
HSPA8,GTF2H1,1128,1048,0.99,1
HSPA8,APP,1128,118,1.0,1
HSPA8,HUWE1,1128,1134,1.0,1
HSPA8,TUBA1B,1128,2480,1.0,1
HSPA8,HSP90B1,1128,1123,1.0,1
HSPA8,ARF4,1128,121,1.0,1
HSPA8,ARHGAP5,1128,130,1.0,1
HSPA8,CKAP2,1128,506,0.98,1
HSPA8,DNAH12,1128,676,0.98,1
HSPA8,AURKA,1128,186,0.99,1
HSPA8,YTHDF2,1128,2632,1.0,1
HSPA8,TRIM27,1128,2427,1.0,1
HSPA8,AKT1,1128,76,1.0,1
HSPA8,GSTA2,1128,1044,1.0,1
HSPA8,CKMT1B,1128,508,0.98,1
HSPA8,ARFGEF2,1128,123,1.0,1
HSPA8,GUCA1C,1128,1052,0.99,1
HSPA8,DNAAF3,1128,672,0.98,1
HSPA8,ARL6,1128,142,0.98,1
HSPA8,FMNL3,1128,922,0.99,1
HSPA8,EEF1A1,1128,757,1.0,1
HSPA8,HDAC6,1128,1079,1.0,1
HSPA8,CTNNB1,1128,587,1.0,1
HSPA8,ARL13B,1128,137,0.99,1
HSPA8,TUBB2B,1128,2486,0.99,1
HSPA8,MAP1B,1128,1404,1.0,1
HSPA8,CIPC,1128,504,0.98,1
HSPA8,CIT1,1128,505,0.98,1
HSPA8,FLNB,1128,920,0.99,1
HSPA8,DNAH11,1128,675,0.98,1
HSPA8,ARHGAP35,1128,129,1.0,1
HSPA8,HAUS3,1128,1069,0.99,1
HSPA8,GUCA1B,1128,1051,0.99,1
HSPA8,HAUS2,1128,1068,0.99,1
HSPA8,GUCA2B,1128,1053,0.99,1
HSPA8,GSK3B,1128,1041,1.0,1
HSPA8,HCN2,1128,1076,0.99,1
HSPA8,ARL4D,1128,141,0.98,1
HSPA8,GSTM5,1128,1046,0.99,1
HSPA8,Gsk3b,1128,1060,0.99,1
HSPA8,HSPA4L,1128,1126,1.0,1
HSPA8,HHIP,1128,1087,1.0,1
HSPA8,ZBBX,1128,2638,1.0,1
HSPA8,DLG5,1128,667,0.98,1
HSPA8,PRKAR2B,1128,1830,0.99,1
HSPA8,"ARG5,6",1128,126,1.0,1
HSPA8,CYLD,1128,597,0.99,1
HSPA8,HDA3,1128,1078,0.99,1
HSPA8,CYLC2,1128,596,0.99,1
HSPA8,GSTM3,1128,1045,0.99,1
HSPA8,ARFIP1,1128,124,1.0,1
HSPA8,ARL14EP,1128,138,0.99,1
HSPA8,AREG,1128,120,0.99,1
HSPA8,ALDH1A3,1128,80,1.0,1
HSPA8,HSP90AA1,1128,1120,1.0,1
HSPA8,NOP58,1128,1579,0.98,1
HSPA8,TRIM32,1128,2428,1.0,1
HSPA8,TTLL6,1128,2473,1.0,1
HSPA8,ARHGAP10,1128,127,1.0,1
HSPA8,HIF1A,1128,1088,1.0,1
HSPA8,PRKCH,1128,1831,0.99,1
HSPA8,YWHAE,1128,2634,1.0,1
HSPA8,Gfap,1128,1057,0.99,1
HSPA8,H2-Aa,1128,1062,0.99,1
HSPA8,EHD3,1128,775,0.98,1
HSPA8,CTNNAL1,1128,586,1.0,1
HSPA8,CTSO,1128,588,1.0,1
HSPA8,TTLL7,1128,2474,1.0,1
HSPA8,AKIRIN1,1128,73,0.98,1
HSPA8,Gm4779,1128,1058,0.99,1
HSPA8,TRIM71,1128,2433,0.99,1
HSPA8,AKT1S1,1128,77,1.0,1
HSPA8,MAP10,1128,1402,0.98,1
HSPA8,FLNA,1128,919,0.99,1
HSPA8,SRGAP3,1128,2226,1.0,1
HSPA8,GSN,1128,1042,1.0,1
HSPA8,EHD1,1128,774,0.98,1
HSPA8,CSNK1A1,1128,568,0.99,1
HSPA8,HAUS5,1128,1071,0.99,1
HSPA8,NOTCH1,1128,1581,0.98,1
HSPA8,CSGALNACT1,1128,567,0.99,1
HSPA8,PRKAR2A,1128,1829,0.99,1
HSPA8,HSPA5,1128,1127,1.0,1
HSPA8,GSTA1,1128,1043,1.0,1
HSPA8,Gm8129,1128,1059,0.99,1
HSPA8,SPTBN5,1128,2224,1.0,1
HSPA8,CSNK1E,1128,570,0.99,1
HSPA8,HAP1,1128,1066,1.0,1
HSPA8,ARHGDIB,1128,131,1.0,1
HSPA8,TRIM41,1128,2430,1.0,1
HSPA8,HAUS8,1128,1074,0.99,1
HSPA8,GRXCR1,1128,1039,1.0,1
HSPA8,GUCY2F,1128,1055,0.99,1
HSPA8,TRMT5,1128,2438,0.99,1
HSPA8,HAVCR1,1128,1075,0.99,1
HSPA8,GSF2,1128,1040,1.0,1
HSPA8,NOSTRIN,1128,1580,0.98,1
HSPA8,DISC1,1128,664,0.98,1
HSPA8,TRIM9,1128,2435,0.99,1
HSPA8,YWHAQ,1128,2637,1.0,1
HSPA8,CYFIP2,1128,595,0.99,1
HSPA8,HSPA12B,1128,1124,1.0,1
HSPA8,HAUS4,1128,1070,0.99,1
HSPA8,TUBA1C,1128,2481,1.0,1
HSPA8,MAP4,1128,1407,1.0,1
HSPA8,APOH,1128,115,0.99,1
HSPA8,CSNK1G1,1128,571,0.99,1
HSPA8,HSP90AB1,1128,1122,1.0,1
HSPA8,EFCAB1,1128,759,1.0,1
HSPA8,DNAH10,1128,674,0.98,1
HSPA8,DNAAF2,1128,671,0.98,1
HSPA8,DLD,1128,666,0.98,1
HSPA8,MAP6,1128,1408,1.0,1
HSPA8,MAP2K1,1128,1406,1.0,1
HSPA8,TRMT6,1128,2439,0.99,1
HSPA8,TRIP11,1128,2436,0.99,1
HSPA8,PRKACB,1128,1824,1.0,1
HSPA8,CKAP5,1128,507,0.98,1
HSPA8,MAP1LC3B,1128,1405,1.0,1
HSPA8,APOO,1128,117,1.0,1
HSPA8,AP3B1,1128,105,1.0,1
HSPA8,SQSTM1,1128,2225,1.0,1
HSPA8,DNAH14,1128,677,0.98,1
HSPA8,EFCAB12,1128,761,1.0,1
HSPA8,ARID4B,1128,136,0.99,1
HSPA8,HAL,1128,1065,0.99,1
HSPA8,ARHGEF11,1128,133,0.99,1
HSPA8,EDC4,1128,755,1.0,1
HSPA8,EDEM1,1128,756,1.0,1
HSPA8,DNAAF1,1128,670,0.98,1
HSPA8,DLL1,1128,668,0.98,1
HSPA8,HSP90AA5P,1128,1121,1.0,1
HSPA8,HTT,1128,1133,1.0,1
HSPA8,MAP1A,1128,1403,0.98,1
HSPA8,EFCAB11,1128,760,1.0,1
HSPA8,ATXN3,1128,185,0.99,1
HSPA8,HSPA1L,1128,1125,1.0,1
HSPA8,ARL6IP6,1128,143,0.98,1
HSPA8,NONO,1128,1578,0.98,1
HSPA8,ARF5,1128,122,1.0,1
HSPA8,ANXA1,1128,103,1.0,1
HSPA8,TTR,1128,2477,1.0,1
HSPA8,TUBB,1128,2484,0.99,1
HSPA8,YTHDF3,1128,2633,1.0,1
HSPA8,H2afj,1128,1064,0.99,1
HSPA8,H2AFJ,1128,1063,0.99,1
HSPA8,DMD,1128,669,0.98,1
HSPA8,GUCY2D,1128,1054,0.99,1
HSPA8,ARHGEF19,1128,134,0.99,1
HSPA8,ARG1,1128,125,1.0,1
HSPA8,ALAS2,1128,78,1.0,1
HSPA8,ARHGEF3,1128,135,0.99,1
HSPA8,TRIM36,1128,2429,1.0,1
HSPA8,CSNK1D,1128,569,0.99,1
HSPA8,EEF1D,1128,758,1.0,1
HSPA8,GUCA1A,1128,1050,0.99,1
HSPA8,ARHGDIG,1128,132,0.99,1
HSPA8,GYPA,1128,1056,0.99,1
HSPA8,HAUS7,1128,1073,0.99,1
HSPA8,YWHAG,1128,2635,1.0,1
HSPA8,GTT1,1128,1049,0.99,1
HSPA8,ATXN10,1128,184,0.99,1
HSPA8,PRKACG,1128,1825,1.0,1
HSPA8,DNAH1,1128,673,0.98,1
HSPA8,TRMT12,1128,2437,0.99,1
HSPA8,HAUS6,1128,1072,0.99,1
HSPA8,GTF2E1,1128,1047,0.99,1
HSPA8,ALDH1A1,1128,79,1.0,1
HSPA8,TRIM59,1128,2432,0.99,1
HSPA8,TUBA1A,1128,2479,1.0,1
HSPA8,CWC25,1128,593,0.99,1
HSPA8,CTD-3148I10.1,1128,585,1.0,1
HSPA8,SPTAN1,1128,2223,1.0,1
HSPA8,TUBA3D,1128,2482,1.0,1
HSPA8,HIPK1,1128,1089,1.0,1
HSPA8,AP3M2,1128,106,0.98,1
HSPA8,ARAF,1128,119,1.0,1
HSPA8,APOL1,1128,116,1.0,1
HSPA8,TUBA4A,1128,2483,1.0,1
HSPA8,TTLL3,1128,2470,1.0,1
HSPA8,AKAP9,1128,72,0.98,1
HSPA8,TUB,1128,2478,1.0,1
HSPA8,ARL3,1128,140,0.99,1
HSPA8,CYP2C8,1128,598,0.99,1
HSPA8,ARHGAP27,1128,128,1.0,1
HSPA8,FNBP1L,1128,923,0.99,1
HSPA8,YWHAH,1128,2636,1.0,1
HSPA8,TTLL9,1128,2476,1.0,1
HSPA8,Gtf2e2,1128,1061,0.99,1
HSPA8,TTLL11,1128,2469,1.0,1
HSPA8,FLOT2,1128,921,0.99,1
HSPA8,ANXA4,1128,104,1.0,1
HSPA8,TTLL4,1128,2471,1.0,1
HSPA8,CYB5D1,1128,594,0.99,1
HSPA8,HSPBP1,1128,1130,1.0,1
HSPA8,HCST,1128,1077,0.99,1
HSPA8,PRKACA,1128,1823,1.0,1
HSPA8,TUBB2A,1128,2485,0.99,1
HSPA8,ARL2BP,1128,139,0.99,1
HSPA8,HSPB11,1128,1129,1.0,1
HSPA8,DLC1,1128,665,0.98,1
HSPA8,TTLL8,1128,2475,1.0,1
HSPA8,TRIM46,1128,2431,1.0,1
HSPA8,HAUS1,1128,1067,1.0,1
HSPA8,TRIM73,1128,2434,0.99,1
HSPA8,HDDC3,1128,1080,1.0,1
HSPA8,TTLL5,1128,2472,1.0,1
PRKAR2B,HUWE1,1830,1134,0.98,1
PRKAR2B,HSP90B1,1830,1123,0.98,1
PRKAR2B,HSPA8,1830,1128,0.98,1
PRKAR2B,HDAC6,1830,1079,0.98,1
PRKAR2B,HSPA4L,1830,1126,0.98,1
PRKAR2B,HSP90AA1,1830,1120,0.98,1
PRKAR2B,HSPA5,1830,1127,0.98,1
PRKAR2B,HSPA12B,1830,1124,0.98,1
PRKAR2B,HSP90AB1,1830,1122,0.98,1
PRKAR2B,PRKACB,1830,1824,1.0,1
PRKAR2B,HSP90AA5P,1830,1121,0.98,1
PRKAR2B,HTT,1830,1133,0.98,1
PRKAR2B,HSPA1L,1830,1125,0.98,1
PRKAR2B,PRKACG,1830,1825,1.0,1
PRKAR2B,HSPBP1,1830,1130,0.98,1
PRKAR2B,PRKACA,1830,1823,1.0,1
PRKAR2B,HSPB11,1830,1129,0.98,1
PRKAR2B,HDDC3,1830,1080,0.98,1
AVIL,HSP90B1,188,1123,1.0,1
AVIL,GSTA2,188,1044,0.98,1
AVIL,HSPA8,188,1128,1.0,1
AVIL,GSK3B,188,1041,0.98,1
AVIL,HSPA4L,188,1126,1.0,1
AVIL,HSP90AA1,188,1120,1.0,1
AVIL,GSN,188,1042,0.98,1
AVIL,HSPA5,188,1127,1.0,1
AVIL,GSTA1,188,1043,0.98,1
AVIL,GRXCR1,188,1039,0.98,1
AVIL,GSF2,188,1040,0.98,1
AVIL,HSPA12B,188,1124,1.0,1
AVIL,HSP90AB1,188,1122,1.0,1
AVIL,HSP90AA5P,188,1121,1.0,1
AVIL,HSPA1L,188,1125,1.0,1
AVIL,HSPBP1,188,1130,1.0,1
AVIL,HSPB11,188,1129,1.0,1
PRKACB,APP,1824,118,1.0,1
PRKACB,HUWE1,1824,1134,1.0,1
PRKACB,HSP90B1,1824,1123,1.0,1
PRKACB,ARF4,1824,121,1.0,1
PRKACB,HSPA8,1824,1128,1.0,1
PRKACB,CDY1,1824,455,0.98,1
PRKACB,HDAC6,1824,1079,1.0,1
PRKACB,CTNNB1,1824,587,1.0,1
PRKACB,HEATR2,1824,1083,0.98,1
PRKACB,HES1,1824,1084,0.98,1
PRKACB,HDHD2,1824,1082,0.98,1
PRKACB,HSPA4L,1824,1126,1.0,1
PRKACB,CDKN1A,1824,454,0.98,1
PRKACB,CSNK2B,1824,573,0.98,1
PRKACB,PRKAR2B,1824,1830,1.0,1
PRKACB,AREG,1824,120,0.99,1
PRKACB,HSP90AA1,1824,1120,1.0,1
PRKACB,CCDC41,1824,403,0.99,1
PRKACB,CCDC40,1824,402,0.99,1
PRKACB,CCDC42B,1824,404,0.99,1
PRKACB,PRKCH,1824,1831,1.0,1
PRKACB,CTNNAL1,1824,586,1.0,1
PRKACB,CTSO,1824,588,1.0,1
PRKACB,AKIRIN1,1824,73,1.0,1
PRKACB,CCDC93,1824,415,0.99,1
PRKACB,CSNK1A1,1824,568,1.0,1
PRKACB,CSGALNACT1,1824,567,1.0,1
PRKACB,PRKAR2A,1824,1829,1.0,1
PRKACB,CCL1,1824,416,0.98,1
PRKACB,HSPA5,1824,1127,1.0,1
PRKACB,CCDC65,1824,409,0.99,1
PRKACB,CSNK1E,1824,570,1.0,1
PRKACB,CCDC81,1824,413,0.99,1
PRKACB,HSPA12B,1824,1124,1.0,1
PRKACB,CCDC53,1824,405,0.99,1
PRKACB,CCDC74A,1824,410,0.99,1
PRKACB,CSNK1G1,1824,571,1.0,1
PRKACB,HSP90AB1,1824,1122,1.0,1
PRKACB,HTR6,1824,1131,0.98,1
PRKACB,CEBPD,1824,456,0.98,1
PRKACB,APOO,1824,117,0.99,1
PRKACB,CCDC78,1824,412,0.99,1
PRKACB,HTRA2,1824,1132,0.98,1
PRKACB,HSP90AA5P,1824,1121,1.0,1
PRKACB,HTT,1824,1133,1.0,1
PRKACB,HSPA1L,1824,1125,1.0,1
PRKACB,ARF5,1824,122,0.98,1
PRKACB,CCDC28B,1824,398,0.99,1
PRKACB,CSNK2A3,1824,572,1.0,1
PRKACB,HDGFRP3,1824,1081,0.98,1
PRKACB,CCDC37,1824,400,0.99,1
PRKACB,CSNK1D,1824,569,1.0,1
PRKACB,CTD-2373H9.6,1824,584,1.0,1
PRKACB,CCDC74B,1824,411,0.99,1
PRKACB,PRKACG,1824,1825,1.0,1
PRKACB,CTD-3148I10.1,1824,585,1.0,1
PRKACB,ARAF,1824,119,1.0,1
PRKACB,APOL1,1824,116,0.99,1
PRKACB,AKAP9,1824,72,1.0,1
PRKACB,CCDC6,1824,406,0.99,1
PRKACB,CCDC33,1824,399,0.99,1
PRKACB,CDK5RAP2,1824,453,0.98,1
PRKACB,CCDC63,1824,408,0.99,1
PRKACB,CCDC88A,1824,414,0.99,1
PRKACB,CCDC61,1824,407,0.99,1
PRKACB,CCDC39,1824,401,0.99,1
PRKACB,HSPBP1,1824,1130,1.0,1
PRKACB,PRKACA,1824,1823,1.0,1
PRKACB,HSPB11,1824,1129,1.0,1
PRKACB,HDDC3,1824,1080,1.0,1
AHI1,GTF2H1,59,1048,0.99,1
AHI1,DNAH7,59,683,0.99,1
AHI1,HSP90B1,59,1123,0.99,1
AHI1,GSTA2,59,1044,1.0,1
AHI1,HSPA8,59,1128,0.99,1
AHI1,GUCA1C,59,1052,0.99,1
AHI1,CTNNB1,59,587,0.99,1
AHI1,DNAI1,59,686,0.99,1
AHI1,DNMT3A,59,700,1.0,1
AHI1,GUCA1B,59,1051,0.99,1
AHI1,GUCA2B,59,1053,0.99,1
AHI1,GSK3B,59,1041,1.0,1
AHI1,GSTM5,59,1046,0.99,1
AHI1,Gsk3b,59,1060,0.99,1
AHI1,HSPA4L,59,1126,0.99,1
AHI1,DNALI1,59,697,1.0,1
AHI1,GSTM3,59,1045,0.99,1
AHI1,HSP90AA1,59,1120,0.99,1
AHI1,DNAL4,59,696,1.0,1
AHI1,DNAH5,59,681,0.99,1
AHI1,Gfap,59,1057,0.99,1
AHI1,DNAH3,59,680,0.99,1
AHI1,CTNNAL1,59,586,0.99,1
AHI1,CTSO,59,588,0.99,1
AHI1,DNHD1,59,698,1.0,1
AHI1,Gm4779,59,1058,0.99,1
AHI1,DNAL1,59,695,1.0,1
AHI1,GSN,59,1042,1.0,1
AHI1,CSNK1A1,59,568,1.0,1
AHI1,CSGALNACT1,59,567,1.0,1
AHI1,HSPA5,59,1127,0.99,1
AHI1,GSTA1,59,1043,1.0,1
AHI1,Gm8129,59,1059,0.99,1
AHI1,DNAJC27,59,693,0.99,1
AHI1,CSNK1E,59,570,1.0,1
AHI1,GRXCR1,59,1039,1.0,1
AHI1,GUCY2F,59,1055,0.99,1
AHI1,GSF2,59,1040,1.0,1
AHI1,HSPA12B,59,1124,0.99,1
AHI1,DNAJB13,59,690,0.99,1
AHI1,CSNK1G1,59,571,1.0,1
AHI1,DNAJA1,59,688,0.99,1
AHI1,HSP90AB1,59,1122,0.99,1
AHI1,DNAH9,59,685,0.99,1
AHI1,DNAI2,59,687,0.99,1
AHI1,HSP90AA5P,59,1121,0.99,1
AHI1,HSPA1L,59,1125,0.99,1
AHI1,DNM2,59,699,1.0,1
AHI1,CSNK2A3,59,572,0.98,1
AHI1,GUCY2D,59,1054,0.99,1
AHI1,CSNK1D,59,569,1.0,1
AHI1,GUCA1A,59,1050,0.99,1
AHI1,DNAH6,59,682,0.99,1
AHI1,GYPA,59,1056,0.99,1
AHI1,GTT1,59,1049,0.99,1
AHI1,GTF2E1,59,1047,0.99,1
AHI1,CTD-3148I10.1,59,585,0.99,1
AHI1,DNAH8,59,684,0.99,1
AHI1,DNAJC6,59,694,1.0,1
AHI1,DNAJA4,59,689,0.99,1
AHI1,DNAJC13,59,691,0.99,1
AHI1,Gtf2e2,59,1061,0.99,1
AHI1,HSPBP1,59,1130,0.99,1
AHI1,DNAJC25-GNG10,59,692,0.99,1
AHI1,HSPB11,59,1129,0.99,1
ARFGEF2,APP,123,118,0.98,1
ARFGEF2,HSP90B1,123,1123,0.98,1
ARFGEF2,GSTA2,123,1044,0.98,1
ARFGEF2,HSPA8,123,1128,0.98,1
ARFGEF2,DNMT3A,123,700,0.98,1
ARFGEF2,GSK3B,123,1041,0.98,1
ARFGEF2,HSPA4L,123,1126,0.98,1
ARFGEF2,DNALI1,123,697,0.98,1
ARFGEF2,HSP90AA1,123,1120,0.98,1
ARFGEF2,DNAL4,123,696,0.98,1
ARFGEF2,DNHD1,123,698,0.98,1
ARFGEF2,DNAL1,123,695,0.98,1
ARFGEF2,GSN,123,1042,0.98,1
ARFGEF2,HSPA5,123,1127,0.98,1
ARFGEF2,GSTA1,123,1043,0.98,1
ARFGEF2,GRXCR1,123,1039,0.98,1
ARFGEF2,GSF2,123,1040,0.98,1
ARFGEF2,HSPA12B,123,1124,0.98,1
ARFGEF2,HSP90AB1,123,1122,0.98,1
ARFGEF2,HSP90AA5P,123,1121,0.98,1
ARFGEF2,HSPA1L,123,1125,0.98,1
ARFGEF2,DNM2,123,699,0.98,1
ARFGEF2,ARAF,123,119,0.98,1
ARFGEF2,DNAJC6,123,694,0.98,1
ARFGEF2,HSPBP1,123,1130,0.98,1
ARFGEF2,HSPB11,123,1129,0.98,1
CSNK1E,GTF2H1,570,1048,0.99,1
CSNK1E,APP,570,118,1.0,1
CSNK1E,PSMC2,570,1853,0.98,1
CSNK1E,PSEN2,570,1851,0.98,1
CSNK1E,HSP90B1,570,1123,1.0,1
CSNK1E,AKT1,570,76,0.99,1
CSNK1E,GSTA2,570,1044,1.0,1
CSNK1E,HSPA8,570,1128,1.0,1
CSNK1E,GUCA1C,570,1052,0.99,1
CSNK1E,HIST1H3C,570,1094,0.98,1
CSNK1E,HDAC6,570,1079,1.0,1
CSNK1E,CTNNB1,570,587,1.0,1
CSNK1E,HIST1H4H,570,1095,0.98,1
CSNK1E,PSMA2,570,1852,0.98,1
CSNK1E,HAUS3,570,1069,1.0,1
CSNK1E,GUCA1B,570,1051,0.99,1
CSNK1E,HAUS2,570,1068,1.0,1
CSNK1E,GUCA2B,570,1053,0.99,1
CSNK1E,GSK3B,570,1041,1.0,1
CSNK1E,HCN2,570,1076,1.0,1
CSNK1E,GSTM5,570,1046,0.99,1
CSNK1E,Gsk3b,570,1060,0.99,1
CSNK1E,HSPA4L,570,1126,1.0,1
CSNK1E,HHIP,570,1087,1.0,1
CSNK1E,PRKAR2B,570,1830,0.98,1
CSNK1E,HDA3,570,1078,1.0,1
CSNK1E,GSTM3,570,1045,0.99,1
CSNK1E,HSP90AA1,570,1120,1.0,1
CSNK1E,HIF1A,570,1088,1.0,1
CSNK1E,PRKCH,570,1831,0.98,1
CSNK1E,Gfap,570,1057,0.99,1
CSNK1E,H2-Aa,570,1062,0.99,1
CSNK1E,CTNNAL1,570,586,1.0,1
CSNK1E,CTSO,570,588,1.0,1
CSNK1E,AKIRIN1,570,73,0.99,1
CSNK1E,Gm4779,570,1058,0.99,1
CSNK1E,AKT1S1,570,77,0.99,1
CSNK1E,GSN,570,1042,1.0,1
CSNK1E,CSNK1A1,570,568,1.0,1
CSNK1E,HAUS5,570,1071,1.0,1
CSNK1E,CSGALNACT1,570,567,1.0,1
CSNK1E,PRKAR2A,570,1829,0.98,1
CSNK1E,HSPA5,570,1127,1.0,1
CSNK1E,GSTA1,570,1043,1.0,1
CSNK1E,Gm8129,570,1059,0.99,1
CSNK1E,HAP1,570,1066,1.0,1
CSNK1E,HAUS8,570,1074,1.0,1
CSNK1E,GRXCR1,570,1039,1.0,1
CSNK1E,GUCY2F,570,1055,0.99,1
CSNK1E,HAVCR1,570,1075,1.0,1
CSNK1E,GSF2,570,1040,1.0,1
CSNK1E,PSMC5,570,1854,0.98,1
CSNK1E,HSPA12B,570,1124,1.0,1
CSNK1E,HAUS4,570,1070,1.0,1
CSNK1E,CSNK1G1,570,571,1.0,1
CSNK1E,HSP90AB1,570,1122,1.0,1
CSNK1E,HIST1H2BF,570,1093,0.98,1
CSNK1E,HIST1H2BC,570,1092,0.98,1
CSNK1E,HAL,570,1065,0.99,1
CSNK1E,AKR1E2,570,75,0.98,1
CSNK1E,HSP90AA5P,570,1121,1.0,1
CSNK1E,HSPA1L,570,1125,1.0,1
CSNK1E,H2afj,570,1064,0.99,1
CSNK1E,H2AFJ,570,1063,0.99,1
CSNK1E,GUCY2D,570,1054,0.99,1
CSNK1E,ALAS2,570,78,0.99,1
CSNK1E,CSNK1D,570,569,1.0,1
CSNK1E,GUCA1A,570,1050,0.99,1
CSNK1E,PSEN1,570,1850,0.99,1
CSNK1E,GYPA,570,1056,0.99,1
CSNK1E,HAUS7,570,1073,1.0,1
CSNK1E,GTT1,570,1049,0.99,1
CSNK1E,HIST1H1D,570,1091,0.98,1
CSNK1E,HAUS6,570,1072,1.0,1
CSNK1E,GTF2E1,570,1047,0.99,1
CSNK1E,CTD-3148I10.1,570,585,1.0,1
CSNK1E,HIPK1,570,1089,1.0,1
CSNK1E,ARAF,570,119,1.0,1
CSNK1E,AKAP9,570,72,0.99,1
CSNK1E,Gtf2e2,570,1061,0.99,1
CSNK1E,AKNAD1,570,74,0.98,1
CSNK1E,HSPBP1,570,1130,1.0,1
CSNK1E,HCST,570,1077,1.0,1
CSNK1E,HSPB11,570,1129,1.0,1
CSNK1E,PSMD10,570,1855,0.98,1
CSNK1E,HAUS1,570,1067,1.0,1
CSNK1E,HIST1H1A,570,1090,0.98,1
CSNK1E,HDDC3,570,1080,1.0,1
ARL3,YTHDF2,140,2632,1.0,1
ARL3,ZBBX,140,2638,1.0,1
ARL3,YWHAE,140,2634,1.0,1
ARL3,YWHAQ,140,2637,1.0,1
ARL3,YTHDF3,140,2633,1.0,1
ARL3,YWHAG,140,2635,1.0,1
ARL3,YWHAH,140,2636,1.0,1
HAP1,GTF2H1,1066,1048,0.99,1
HAP1,HUWE1,1066,1134,1.0,1
HAP1,HSP90B1,1066,1123,1.0,1
HAP1,GSTA2,1066,1044,1.0,1
HAP1,HSPA8,1066,1128,1.0,1
HAP1,GUCA1C,1066,1052,0.99,1
HAP1,HDAC6,1066,1079,1.0,1
HAP1,HAUS3,1066,1069,0.99,1
HAP1,GUCA1B,1066,1051,0.99,1
HAP1,HAUS2,1066,1068,0.99,1
HAP1,GUCA2B,1066,1053,0.99,1
HAP1,GSK3B,1066,1041,1.0,1
HAP1,HCN2,1066,1076,0.99,1
HAP1,GSTM5,1066,1046,0.99,1
HAP1,Gsk3b,1066,1060,0.99,1
HAP1,HSPA4L,1066,1126,1.0,1
HAP1,HHIP,1066,1087,1.0,1
HAP1,HDA3,1066,1078,0.99,1
HAP1,GSTM3,1066,1045,0.99,1
HAP1,HSP90AA1,1066,1120,1.0,1
HAP1,HIF1A,1066,1088,1.0,1
HAP1,Gfap,1066,1057,0.99,1
HAP1,H2-Aa,1066,1062,0.99,1
HAP1,Gm4779,1066,1058,0.99,1
HAP1,GSN,1066,1042,1.0,1
HAP1,HAUS5,1066,1071,0.99,1
HAP1,HSPA5,1066,1127,1.0,1
HAP1,GSTA1,1066,1043,1.0,1
HAP1,Gm8129,1066,1059,0.99,1
HAP1,HAUS8,1066,1074,0.99,1
HAP1,GRXCR1,1066,1039,1.0,1
HAP1,GUCY2F,1066,1055,0.99,1
HAP1,HAVCR1,1066,1075,0.99,1
HAP1,GSF2,1066,1040,1.0,1
HAP1,HSPA12B,1066,1124,1.0,1
HAP1,HAUS4,1066,1070,0.99,1
HAP1,HSP90AB1,1066,1122,1.0,1
HAP1,HAL,1066,1065,0.99,1
HAP1,HSP90AA5P,1066,1121,1.0,1
HAP1,HTT,1066,1133,1.0,1
HAP1,HSPA1L,1066,1125,1.0,1
HAP1,H2afj,1066,1064,0.99,1
HAP1,H2AFJ,1066,1063,0.99,1
HAP1,GUCY2D,1066,1054,0.99,1
HAP1,GUCA1A,1066,1050,0.99,1
HAP1,GYPA,1066,1056,0.99,1
HAP1,HAUS7,1066,1073,0.99,1
HAP1,GTT1,1066,1049,0.99,1
HAP1,HAUS6,1066,1072,0.99,1
HAP1,GTF2E1,1066,1047,0.99,1
HAP1,HIPK1,1066,1089,1.0,1
HAP1,Gtf2e2,1066,1061,0.99,1
HAP1,HSPBP1,1066,1130,1.0,1
HAP1,HCST,1066,1077,0.99,1
HAP1,HSPB11,1066,1129,1.0,1
HAP1,HAUS1,1066,1067,1.0,1
HAP1,HDDC3,1066,1080,1.0,1
GLI1,HSP90B1,982,1123,1.0,1
GLI1,HSPA8,982,1128,0.98,1
GLI1,HDAC6,982,1079,1.0,1
GLI1,HCN2,982,1076,1.0,1
GLI1,HSPA4L,982,1126,1.0,1
GLI1,HHIP,982,1087,1.0,1
GLI1,HDA3,982,1078,1.0,1
GLI1,HSP90AA1,982,1120,1.0,1
GLI1,HIF1A,982,1088,1.0,1
GLI1,HAUS5,982,1071,1.0,1
GLI1,HSPA5,982,1127,1.0,1
GLI1,HAUS8,982,1074,1.0,1
GLI1,HAVCR1,982,1075,1.0,1
GLI1,HSPA12B,982,1124,1.0,1
GLI1,HAUS4,982,1070,1.0,1
GLI1,HSP90AB1,982,1122,1.0,1
GLI1,HSP90AA5P,982,1121,1.0,1
GLI1,HSPA1L,982,1125,1.0,1
GLI1,HAUS7,982,1073,1.0,1
GLI1,HAUS6,982,1072,1.0,1
GLI1,HIPK1,982,1089,1.0,1
GLI1,HSPBP1,982,1130,0.98,1
GLI1,HCST,982,1077,1.0,1
GLI1,HSPB11,982,1129,0.98,1
GLI1,HDDC3,982,1080,1.0,1
ATXN10,HSP90B1,184,1123,0.98,1
ATXN10,HSPA8,184,1128,0.98,1
ATXN10,HSPA4L,184,1126,0.98,1
ATXN10,HSP90AA1,184,1120,0.98,1
ATXN10,HSPA5,184,1127,0.98,1
ATXN10,HSPA12B,184,1124,0.98,1
ATXN10,HSP90AB1,184,1122,0.98,1
ATXN10,HSP90AA5P,184,1121,0.98,1
ATXN10,HSPA1L,184,1125,0.98,1
ATXN10,HSPBP1,184,1130,0.98,1
ATXN10,HSPB11,184,1129,0.98,1
PRKACG,APP,1825,118,1.0,1
PRKACG,HUWE1,1825,1134,1.0,1
PRKACG,HSP90B1,1825,1123,1.0,1
PRKACG,ARF4,1825,121,1.0,1
PRKACG,HSPA8,1825,1128,1.0,1
PRKACG,CDY1,1825,455,0.98,1
PRKACG,HDAC6,1825,1079,1.0,1
PRKACG,CTNNB1,1825,587,1.0,1
PRKACG,HEATR2,1825,1083,0.98,1
PRKACG,HES1,1825,1084,0.98,1
PRKACG,HDHD2,1825,1082,0.98,1
PRKACG,HSPA4L,1825,1126,1.0,1
PRKACG,CDKN1A,1825,454,0.98,1
PRKACG,CSNK2B,1825,573,0.98,1
PRKACG,PRKAR2B,1825,1830,1.0,1
PRKACG,AREG,1825,120,0.99,1
PRKACG,HSP90AA1,1825,1120,1.0,1
PRKACG,CCDC41,1825,403,0.99,1
PRKACG,CCDC40,1825,402,0.99,1
PRKACG,CCDC42B,1825,404,0.99,1
PRKACG,PRKCH,1825,1831,1.0,1
PRKACG,CTNNAL1,1825,586,1.0,1
PRKACG,CTSO,1825,588,1.0,1
PRKACG,AKIRIN1,1825,73,1.0,1
PRKACG,CCDC93,1825,415,0.99,1
PRKACG,CSNK1A1,1825,568,1.0,1
PRKACG,CSGALNACT1,1825,567,1.0,1
PRKACG,PRKAR2A,1825,1829,1.0,1
PRKACG,CCL1,1825,416,0.98,1
PRKACG,HSPA5,1825,1127,1.0,1
PRKACG,CCDC65,1825,409,0.99,1
PRKACG,CSNK1E,1825,570,1.0,1
PRKACG,CCDC81,1825,413,0.99,1
PRKACG,HSPA12B,1825,1124,1.0,1
PRKACG,CCDC53,1825,405,0.99,1
PRKACG,CCDC74A,1825,410,0.99,1
PRKACG,CSNK1G1,1825,571,1.0,1
PRKACG,HSP90AB1,1825,1122,1.0,1
PRKACG,PRKACB,1825,1824,1.0,1
PRKACG,HTR6,1825,1131,0.98,1
PRKACG,CEBPD,1825,456,0.98,1
PRKACG,APOO,1825,117,0.99,1
PRKACG,CCDC78,1825,412,0.99,1
PRKACG,HTRA2,1825,1132,0.98,1
PRKACG,HSP90AA5P,1825,1121,1.0,1
PRKACG,HTT,1825,1133,1.0,1
PRKACG,HSPA1L,1825,1125,1.0,1
PRKACG,ARF5,1825,122,0.98,1
PRKACG,CCDC28B,1825,398,0.99,1
PRKACG,CSNK2A3,1825,572,1.0,1
PRKACG,HDGFRP3,1825,1081,0.98,1
PRKACG,CCDC37,1825,400,0.99,1
PRKACG,CSNK1D,1825,569,1.0,1
PRKACG,CTD-2373H9.6,1825,584,1.0,1
PRKACG,CCDC74B,1825,411,0.99,1
PRKACG,CTD-3148I10.1,1825,585,1.0,1
PRKACG,ARAF,1825,119,1.0,1
PRKACG,APOL1,1825,116,0.99,1
PRKACG,AKAP9,1825,72,1.0,1
PRKACG,CCDC6,1825,406,0.99,1
PRKACG,CCDC33,1825,399,0.99,1
PRKACG,CDK5RAP2,1825,453,0.98,1
PRKACG,CCDC63,1825,408,0.99,1
PRKACG,CCDC88A,1825,414,0.99,1
PRKACG,CCDC61,1825,407,0.99,1
PRKACG,CCDC39,1825,401,0.99,1
PRKACG,HSPBP1,1825,1130,1.0,1
PRKACG,PRKACA,1825,1823,1.0,1
PRKACG,HSPB11,1825,1129,1.0,1
PRKACG,HDDC3,1825,1080,1.0,1
ARF4,GTF2H1,121,1048,0.99,1
ARF4,APP,121,118,1.0,1
ARF4,DNAH7,121,683,0.99,1
ARF4,HSP90B1,121,1123,1.0,1
ARF4,YTHDF2,121,2632,1.0,1
ARF4,GSTA2,121,1044,1.0,1
ARF4,HSPA8,121,1128,1.0,1
ARF4,GUCA1C,121,1052,0.99,1
ARF4,CTNNB1,121,587,0.98,1
ARF4,DNAI1,121,686,0.99,1
ARF4,DNMT3A,121,700,1.0,1
ARF4,GUCA1B,121,1051,0.99,1
ARF4,GUCA2B,121,1053,0.99,1
ARF4,GSK3B,121,1041,1.0,1
ARF4,GSTM5,121,1046,0.99,1
ARF4,Gsk3b,121,1060,0.99,1
ARF4,HSPA4L,121,1126,1.0,1
ARF4,DNALI1,121,697,1.0,1
ARF4,ZBBX,121,2638,1.0,1
ARF4,GSTM3,121,1045,0.99,1
ARF4,HSP90AA1,121,1120,1.0,1
ARF4,DNAL4,121,696,1.0,1
ARF4,YWHAE,121,2634,1.0,1
ARF4,DNAH5,121,681,0.99,1
ARF4,Gfap,121,1057,0.99,1
ARF4,DNAH3,121,680,0.99,1
ARF4,CTNNAL1,121,586,0.98,1
ARF4,CTSO,121,588,0.98,1
ARF4,DNHD1,121,698,1.0,1
ARF4,Gm4779,121,1058,0.99,1
ARF4,DNAL1,121,695,1.0,1
ARF4,GSN,121,1042,1.0,1
ARF4,CSNK1A1,121,568,0.99,1
ARF4,CSGALNACT1,121,567,0.99,1
ARF4,HSPA5,121,1127,1.0,1
ARF4,GSTA1,121,1043,1.0,1
ARF4,Gm8129,121,1059,0.99,1
ARF4,DNAJC27,121,693,0.99,1
ARF4,CSNK1E,121,570,0.99,1
ARF4,GRXCR1,121,1039,1.0,1
ARF4,GUCY2F,121,1055,0.99,1
ARF4,GSF2,121,1040,1.0,1
ARF4,YWHAQ,121,2637,1.0,1
ARF4,HSPA12B,121,1124,1.0,1
ARF4,DNAJB13,121,690,0.99,1
ARF4,CSNK1G1,121,571,0.99,1
ARF4,DNAJA1,121,688,0.99,1
ARF4,HSP90AB1,121,1122,1.0,1
ARF4,DNAH9,121,685,0.99,1
ARF4,DNAI2,121,687,0.99,1
ARF4,HSP90AA5P,121,1121,1.0,1
ARF4,HSPA1L,121,1125,1.0,1
ARF4,YTHDF3,121,2633,1.0,1
ARF4,DNM2,121,699,1.0,1
ARF4,GUCY2D,121,1054,0.99,1
ARF4,CSNK1D,121,569,0.99,1
ARF4,GUCA1A,121,1050,0.99,1
ARF4,DNAH6,121,682,0.99,1
ARF4,GYPA,121,1056,0.99,1
ARF4,YWHAG,121,2635,1.0,1
ARF4,GTT1,121,1049,0.99,1
ARF4,GTF2E1,121,1047,0.99,1
ARF4,CTD-3148I10.1,121,585,0.98,1
ARF4,DNAH8,121,684,0.99,1
ARF4,ARAF,121,119,1.0,1
ARF4,DNAJC6,121,694,1.0,1
ARF4,YWHAH,121,2636,1.0,1
ARF4,DNAJA4,121,689,0.99,1
ARF4,DNAJC13,121,691,0.99,1
ARF4,Gtf2e2,121,1061,0.99,1
ARF4,HSPBP1,121,1130,1.0,1
ARF4,DNAJC25-GNG10,121,692,0.99,1
ARF4,HSPB11,121,1129,1.0,1
HIF1A,GTF2H1,1088,1048,0.99,1
HIF1A,APP,1088,118,0.98,1
HIF1A,HUWE1,1088,1134,1.0,1
HIF1A,HSP90B1,1088,1123,1.0,1
HIF1A,ARF4,1088,121,0.98,1
HIF1A,ARHGAP5,1088,130,0.98,1
HIF1A,AKT1,1088,76,0.98,1
HIF1A,GSTA2,1088,1044,1.0,1
HIF1A,HSPA8,1088,1128,1.0,1
HIF1A,ARFGEF2,1088,123,0.98,1
HIF1A,GUCA1C,1088,1052,0.99,1
HIF1A,HDAC6,1088,1079,1.0,1
HIF1A,ARHGAP35,1088,129,0.98,1
HIF1A,HAUS3,1088,1069,0.99,1
HIF1A,GUCA1B,1088,1051,0.99,1
HIF1A,HAUS2,1088,1068,0.99,1
HIF1A,GUCA2B,1088,1053,0.99,1
HIF1A,GSK3B,1088,1041,1.0,1
HIF1A,HCN2,1088,1076,0.99,1
HIF1A,GSTM5,1088,1046,0.99,1
HIF1A,Gsk3b,1088,1060,0.99,1
HIF1A,HSPA4L,1088,1126,1.0,1
HIF1A,HHIP,1088,1087,1.0,1
HIF1A,"ARG5,6",1088,126,0.98,1
HIF1A,HDA3,1088,1078,0.99,1
HIF1A,GSTM3,1088,1045,0.99,1
HIF1A,ARFIP1,1088,124,0.98,1
HIF1A,ALDH1A3,1088,80,0.98,1
HIF1A,HSP90AA1,1088,1120,1.0,1
HIF1A,ARHGAP10,1088,127,0.98,1
HIF1A,Gfap,1088,1057,0.99,1
HIF1A,H2-Aa,1088,1062,0.99,1
HIF1A,Gm4779,1088,1058,0.99,1
HIF1A,AKT1S1,1088,77,0.98,1
HIF1A,GSN,1088,1042,1.0,1
HIF1A,HAUS5,1088,1071,0.99,1
HIF1A,HSPA5,1088,1127,1.0,1
HIF1A,GSTA1,1088,1043,1.0,1
HIF1A,Gm8129,1088,1059,0.99,1
HIF1A,HAP1,1088,1066,1.0,1
HIF1A,ARHGDIB,1088,131,0.98,1
HIF1A,HAUS8,1088,1074,0.99,1
HIF1A,GRXCR1,1088,1039,1.0,1
HIF1A,GUCY2F,1088,1055,0.99,1
HIF1A,HAVCR1,1088,1075,0.99,1
HIF1A,GSF2,1088,1040,1.0,1
HIF1A,HSPA12B,1088,1124,1.0,1
HIF1A,HAUS4,1088,1070,0.99,1
HIF1A,HSP90AB1,1088,1122,1.0,1
HIF1A,APOO,1088,117,0.98,1
HIF1A,HAL,1088,1065,0.99,1
HIF1A,HSP90AA5P,1088,1121,1.0,1
HIF1A,HTT,1088,1133,1.0,1
HIF1A,HSPA1L,1088,1125,1.0,1
HIF1A,ARF5,1088,122,0.98,1
HIF1A,H2afj,1088,1064,0.99,1
HIF1A,H2AFJ,1088,1063,0.99,1
HIF1A,GUCY2D,1088,1054,0.99,1
HIF1A,ARG1,1088,125,0.98,1
HIF1A,ALAS2,1088,78,0.98,1
HIF1A,GUCA1A,1088,1050,0.99,1
HIF1A,GYPA,1088,1056,0.99,1
HIF1A,HAUS7,1088,1073,0.99,1
HIF1A,GTT1,1088,1049,0.99,1
HIF1A,HAUS6,1088,1072,0.99,1
HIF1A,GTF2E1,1088,1047,0.99,1
HIF1A,ALDH1A1,1088,79,0.98,1
HIF1A,HIPK1,1088,1089,1.0,1
HIF1A,ARAF,1088,119,0.98,1
HIF1A,APOL1,1088,116,0.98,1
HIF1A,ARHGAP27,1088,128,0.98,1
HIF1A,Gtf2e2,1088,1061,0.99,1
HIF1A,HSPBP1,1088,1130,1.0,1
HIF1A,HCST,1088,1077,0.99,1
HIF1A,HSPB11,1088,1129,1.0,1
HIF1A,HAUS1,1088,1067,1.0,1
HIF1A,HDDC3,1088,1080,1.0,1
PROM1,HUWE1,1836,1134,0.99,1
PROM1,HSPA8,1836,1128,0.99,1
PROM1,HDAC6,1836,1079,0.98,1
PROM1,HSPA4L,1836,1126,0.99,1
PROM1,HSPA5,1836,1127,0.99,1
PROM1,HSPA12B,1836,1124,0.99,1
PROM1,HTT,1836,1133,0.99,1
PROM1,HSPA1L,1836,1125,0.99,1
PROM1,HSPBP1,1836,1130,0.99,1
PROM1,HSPB11,1836,1129,0.99,1
PROM1,HDDC3,1836,1080,0.98,1
PPID,HUWE1,1800,1134,1.0,1
PPID,HSP90B1,1800,1123,1.0,1
PPID,HSPA8,1800,1128,1.0,1
PPID,HSPA4L,1800,1126,1.0,1
PPID,HSP90AA1,1800,1120,1.0,1
PPID,HSPA5,1800,1127,1.0,1
PPID,HSPA12B,1800,1124,1.0,1
PPID,HSP90AB1,1800,1122,1.0,1
PPID,HTR6,1800,1131,0.98,1
PPID,HTRA2,1800,1132,0.98,1
PPID,HSP90AA5P,1800,1121,1.0,1
PPID,HTT,1800,1133,1.0,1
PPID,HSPA1L,1800,1125,1.0,1
PPID,HSPBP1,1800,1130,1.0,1
PPID,HSPB11,1800,1129,1.0,1
HIPK1,GTF2H1,1089,1048,0.99,1
HIPK1,APP,1089,118,0.98,1
HIPK1,HUWE1,1089,1134,1.0,1
HIPK1,HSP90B1,1089,1123,1.0,1
HIPK1,ARF4,1089,121,0.98,1
HIPK1,ARHGAP5,1089,130,0.98,1
HIPK1,AKT1,1089,76,0.98,1
HIPK1,GSTA2,1089,1044,1.0,1
HIPK1,HSPA8,1089,1128,1.0,1
HIPK1,ARFGEF2,1089,123,0.98,1
HIPK1,GUCA1C,1089,1052,0.99,1
HIPK1,HDAC6,1089,1079,1.0,1
HIPK1,ARHGAP35,1089,129,0.98,1
HIPK1,HAUS3,1089,1069,0.99,1
HIPK1,GUCA1B,1089,1051,0.99,1
HIPK1,HAUS2,1089,1068,0.99,1
HIPK1,GUCA2B,1089,1053,0.99,1
HIPK1,GSK3B,1089,1041,1.0,1
HIPK1,HCN2,1089,1076,0.99,1
HIPK1,GSTM5,1089,1046,0.99,1
HIPK1,Gsk3b,1089,1060,0.99,1
HIPK1,HSPA4L,1089,1126,1.0,1
HIPK1,HHIP,1089,1087,1.0,1
HIPK1,"ARG5,6",1089,126,0.98,1
HIPK1,HDA3,1089,1078,0.99,1
HIPK1,GSTM3,1089,1045,0.99,1
HIPK1,ARFIP1,1089,124,0.98,1
HIPK1,ALDH1A3,1089,80,0.98,1
HIPK1,HSP90AA1,1089,1120,1.0,1
HIPK1,ARHGAP10,1089,127,0.98,1
HIPK1,HIF1A,1089,1088,1.0,1
HIPK1,Gfap,1089,1057,0.99,1
HIPK1,H2-Aa,1089,1062,0.99,1
HIPK1,Gm4779,1089,1058,0.99,1
HIPK1,AKT1S1,1089,77,0.98,1
HIPK1,GSN,1089,1042,1.0,1
HIPK1,HAUS5,1089,1071,0.99,1
HIPK1,HSPA5,1089,1127,1.0,1
HIPK1,GSTA1,1089,1043,1.0,1
HIPK1,Gm8129,1089,1059,0.99,1
HIPK1,HAP1,1089,1066,1.0,1
HIPK1,ARHGDIB,1089,131,0.98,1
HIPK1,HAUS8,1089,1074,0.99,1
HIPK1,GRXCR1,1089,1039,1.0,1
HIPK1,GUCY2F,1089,1055,0.99,1
HIPK1,HAVCR1,1089,1075,0.99,1
HIPK1,GSF2,1089,1040,1.0,1
HIPK1,HSPA12B,1089,1124,1.0,1
HIPK1,HAUS4,1089,1070,0.99,1
HIPK1,HSP90AB1,1089,1122,1.0,1
HIPK1,APOO,1089,117,0.98,1
HIPK1,HAL,1089,1065,0.99,1
HIPK1,HSP90AA5P,1089,1121,1.0,1
HIPK1,HTT,1089,1133,1.0,1
HIPK1,HSPA1L,1089,1125,1.0,1
HIPK1,ARF5,1089,122,0.98,1
HIPK1,H2afj,1089,1064,0.99,1
HIPK1,H2AFJ,1089,1063,0.99,1
HIPK1,GUCY2D,1089,1054,0.99,1
HIPK1,ARG1,1089,125,0.98,1
HIPK1,ALAS2,1089,78,0.98,1
HIPK1,GUCA1A,1089,1050,0.99,1
HIPK1,GYPA,1089,1056,0.99,1
HIPK1,HAUS7,1089,1073,0.99,1
HIPK1,GTT1,1089,1049,0.99,1
HIPK1,HAUS6,1089,1072,0.99,1
HIPK1,GTF2E1,1089,1047,0.99,1
HIPK1,ALDH1A1,1089,79,0.98,1
HIPK1,ARAF,1089,119,0.98,1
HIPK1,APOL1,1089,116,0.98,1
HIPK1,ARHGAP27,1089,128,0.98,1
HIPK1,Gtf2e2,1089,1061,0.99,1
HIPK1,HSPBP1,1089,1130,1.0,1
HIPK1,HCST,1089,1077,0.99,1
HIPK1,HSPB11,1089,1129,1.0,1
HIPK1,HAUS1,1089,1067,1.0,1
HIPK1,HDDC3,1089,1080,1.0,1
NPHP4,HUWE1,1585,1134,0.99,1
NPHP4,HSP90B1,1585,1123,1.0,1
NPHP4,HSPA8,1585,1128,1.0,1
NPHP4,HSPA4L,1585,1126,1.0,1
NPHP4,HSP90AA1,1585,1120,1.0,1
NPHP4,HSPA5,1585,1127,1.0,1
NPHP4,HSPA12B,1585,1124,1.0,1
NPHP4,HSP90AB1,1585,1122,1.0,1
NPHP4,HTR6,1585,1131,0.98,1
NPHP4,HSP90AA5P,1585,1121,1.0,1
NPHP4,HTT,1585,1133,0.99,1
NPHP4,HSPA1L,1585,1125,1.0,1
NPHP4,HSPBP1,1585,1130,1.0,1
NPHP4,HSPB11,1585,1129,1.0,1
GLI2,HSP90B1,983,1123,1.0,1
GLI2,HSPA8,983,1128,0.98,1
GLI2,HDAC6,983,1079,1.0,1
GLI2,HCN2,983,1076,1.0,1
GLI2,HSPA4L,983,1126,1.0,1
GLI2,HHIP,983,1087,1.0,1
GLI2,HDA3,983,1078,1.0,1
GLI2,HSP90AA1,983,1120,1.0,1
GLI2,HIF1A,983,1088,1.0,1
GLI2,HAUS5,983,1071,1.0,1
GLI2,HSPA5,983,1127,1.0,1
GLI2,HAUS8,983,1074,1.0,1
GLI2,HAVCR1,983,1075,1.0,1
GLI2,HSPA12B,983,1124,1.0,1
GLI2,HAUS4,983,1070,1.0,1
GLI2,HSP90AB1,983,1122,1.0,1
GLI2,HSP90AA5P,983,1121,1.0,1
GLI2,HSPA1L,983,1125,1.0,1
GLI2,HAUS7,983,1073,1.0,1
GLI2,HAUS6,983,1072,1.0,1
GLI2,HIPK1,983,1089,1.0,1
GLI2,HSPBP1,983,1130,0.98,1
GLI2,HCST,983,1077,1.0,1
GLI2,HSPB11,983,1129,0.98,1
GLI2,HDDC3,983,1080,1.0,1
TULP1,HUWE1,2497,1134,0.98,1
TULP1,HSP90B1,2497,1123,0.98,1
TULP1,HSPA8,2497,1128,0.98,1
TULP1,HSPA4L,2497,1126,0.98,1
TULP1,HSP90AA1,2497,1120,0.98,1
TULP1,HSPA5,2497,1127,0.98,1
TULP1,HSPA12B,2497,1124,0.98,1
TULP1,HSP90AB1,2497,1122,0.98,1
TULP1,HSP90AA5P,2497,1121,0.98,1
TULP1,HTT,2497,1133,0.98,1
TULP1,HSPA1L,2497,1125,0.98,1
TULP1,HSPBP1,2497,1130,0.98,1
TULP1,HSPB11,2497,1129,0.98,1
ANXA1,GTF2H1,103,1048,0.99,1
ANXA1,DNAH7,103,683,0.98,1
ANXA1,HSP90B1,103,1123,1.0,1
ANXA1,GSTA2,103,1044,1.0,1
ANXA1,HSPA8,103,1128,1.0,1
ANXA1,GUCA1C,103,1052,0.99,1
ANXA1,CTNNB1,103,587,0.98,1
ANXA1,DNAI1,103,686,0.98,1
ANXA1,DNMT3A,103,700,0.99,1
ANXA1,GUCA1B,103,1051,0.99,1
ANXA1,GUCA2B,103,1053,0.99,1
ANXA1,GSK3B,103,1041,1.0,1
ANXA1,GSTM5,103,1046,0.99,1
ANXA1,Gsk3b,103,1060,0.99,1
ANXA1,HSPA4L,103,1126,1.0,1
ANXA1,DNALI1,103,697,0.99,1
ANXA1,GSTM3,103,1045,0.99,1
ANXA1,HSP90AA1,103,1120,1.0,1
ANXA1,DNAL4,103,696,0.99,1
ANXA1,DNAH5,103,681,0.98,1
ANXA1,Gfap,103,1057,0.99,1
ANXA1,DNAH3,103,680,0.98,1
ANXA1,CTNNAL1,103,586,0.98,1
ANXA1,CTSO,103,588,0.98,1
ANXA1,DNHD1,103,698,0.99,1
ANXA1,Gm4779,103,1058,0.99,1
ANXA1,DNAL1,103,695,0.99,1
ANXA1,GSN,103,1042,1.0,1
ANXA1,CSNK1A1,103,568,0.99,1
ANXA1,CSGALNACT1,103,567,0.99,1
ANXA1,HSPA5,103,1127,1.0,1
ANXA1,GSTA1,103,1043,1.0,1
ANXA1,Gm8129,103,1059,0.99,1
ANXA1,DNAJC27,103,693,0.98,1
ANXA1,CSNK1E,103,570,0.99,1
ANXA1,GRXCR1,103,1039,1.0,1
ANXA1,GUCY2F,103,1055,0.99,1
ANXA1,GSF2,103,1040,1.0,1
ANXA1,HSPA12B,103,1124,1.0,1
ANXA1,DNAJB13,103,690,0.98,1
ANXA1,CSNK1G1,103,571,0.99,1
ANXA1,DNAJA1,103,688,0.98,1
ANXA1,HSP90AB1,103,1122,1.0,1
ANXA1,DNAH9,103,685,0.98,1
ANXA1,DNAI2,103,687,0.98,1
ANXA1,HSP90AA5P,103,1121,1.0,1
ANXA1,HSPA1L,103,1125,1.0,1
ANXA1,DNM2,103,699,0.99,1
ANXA1,GUCY2D,103,1054,0.99,1
ANXA1,CSNK1D,103,569,0.99,1
ANXA1,GUCA1A,103,1050,0.99,1
ANXA1,DNAH6,103,682,0.98,1
ANXA1,GYPA,103,1056,0.99,1
ANXA1,GTT1,103,1049,0.99,1
ANXA1,GTF2E1,103,1047,0.99,1
ANXA1,CTD-3148I10.1,103,585,0.98,1
ANXA1,DNAH8,103,684,0.98,1
ANXA1,DNAJC6,103,694,0.99,1
ANXA1,DNAJA4,103,689,0.98,1
ANXA1,DNAJC13,103,691,0.98,1
ANXA1,Gtf2e2,103,1061,0.99,1
ANXA1,HSPBP1,103,1130,1.0,1
ANXA1,DNAJC25-GNG10,103,692,0.98,1
ANXA1,HSPB11,103,1129,1.0,1
PARD3,HSP90B1,1677,1123,0.99,1
PARD3,HSPA8,1677,1128,0.99,1
PARD3,HSPA4L,1677,1126,0.99,1
PARD3,HSP90AA1,1677,1120,0.99,1
PARD3,HSPA5,1677,1127,0.99,1
PARD3,HSPA12B,1677,1124,0.99,1
PARD3,HSP90AB1,1677,1122,0.99,1
PARD3,HSP90AA5P,1677,1121,0.99,1
PARD3,HSPA1L,1677,1125,0.99,1
PARD3,HSPBP1,1677,1130,0.99,1
PARD3,HSPB11,1677,1129,0.99,1
YWHAE,KIF7,2634,1281,1.0,1
YWHAE,APP,2634,118,0.99,1
YWHAE,PANX2,2634,1675,1.0,1
YWHAE,TTC29,2634,2461,0.99,1
YWHAE,PALM3,2634,1673,0.99,1
YWHAE,HUWE1,2634,1134,1.0,1
YWHAE,TUBA1B,2634,2480,1.0,1
YWHAE,HSP90B1,2634,1123,1.0,1
YWHAE,ARF4,2634,121,0.98,1
YWHAE,PI4K2A,2634,1743,0.98,1
YWHAE,TUBB4B,2634,2489,0.99,1
YWHAE,PAX1,2634,1681,0.99,1
YWHAE,PANX1,2634,1674,0.99,1
YWHAE,YTHDF2,2634,2632,1.0,1
YWHAE,TUBGCP2,2634,2492,0.98,1
YWHAE,PIFO,2634,1746,0.98,1
YWHAE,TRIM27,2634,2427,1.0,1
YWHAE,PAFAH1B1,2634,1668,0.98,1
YWHAE,HSPA8,2634,1128,1.0,1
YWHAE,PCDHGB2,2634,1691,0.99,1
YWHAE,HDAC6,2634,1079,0.98,1
YWHAE,PAXBP1,2634,1682,0.99,1
YWHAE,CTNNB1,2634,587,0.99,1
YWHAE,KISS1,2634,1285,0.98,1
YWHAE,TUBB2B,2634,2486,0.99,1
YWHAE,KIF5A,2634,1277,1.0,1
YWHAE,TUBB3,2634,2487,0.99,1
YWHAE,HSPA4L,2634,1126,1.0,1
YWHAE,TTC18,2634,2457,0.99,1
YWHAE,ZBBX,2634,2638,1.0,1
YWHAE,CSNK2B,2634,573,0.98,1
YWHAE,TUBB4A,2634,2488,0.99,1
YWHAE,TRMT61B,2634,2440,0.99,1
YWHAE,KIFAP3,2634,1283,1.0,1
YWHAE,HSP90AA1,2634,1120,1.0,1
YWHAE,TRIM32,2634,2428,1.0,1
YWHAE,TTLL6,2634,2473,1.0,1
YWHAE,TSEN2,2634,2446,0.99,1
YWHAE,TTC30B,2634,2463,1.0,1
YWHAE,CTNNAL1,2634,586,0.99,1
YWHAE,KIF3B,2634,1275,1.0,1
YWHAE,CTSO,2634,588,0.99,1
YWHAE,TTLL7,2634,2474,1.0,1
YWHAE,PCM1,2634,1695,1.0,1
YWHAE,TRIM71,2634,2433,1.0,1
YWHAE,KIF3C,2634,1276,1.0,1
YWHAE,CSNK1A1,2634,568,1.0,1
YWHAE,PCNT,2634,1697,1.0,1
YWHAE,HSPA5,2634,1127,1.0,1
YWHAE,PIH1D3,2634,1751,0.98,1
YWHAE,PARS2,2634,1680,0.99,1
YWHAE,CSNK1E,2634,570,1.0,1
YWHAE,PIBF1,2634,1744,0.98,1
YWHAE,TRIM41,2634,2430,1.0,1
YWHAE,PCMTD1,2634,1696,1.0,1
YWHAE,PARD3,2634,1677,1.0,1
YWHAE,TRMT5,2634,2438,1.0,1
YWHAE,TRIM9,2634,2435,1.0,1
YWHAE,YWHAQ,2634,2637,1.0,1
YWHAE,HSPA12B,2634,1124,1.0,1
YWHAE,PID1,2634,1745,0.98,1
YWHAE,TUBGCP3,2634,2493,0.98,1
YWHAE,TUBA1C,2634,2481,1.0,1
YWHAE,CSNK1G1,2634,571,1.0,1
YWHAE,HSP90AB1,2634,1122,1.0,1
YWHAE,KIF6,2634,1280,1.0,1
YWHAE,KIF5C,2634,1279,1.0,1
YWHAE,TRMT6,2634,2439,0.99,1
YWHAE,TRIP11,2634,2436,1.0,1
YWHAE,TUBE1,2634,2490,0.98,1
YWHAE,HTR6,2634,1131,0.99,1
YWHAE,TTC40,2634,2464,1.0,1
YWHAE,TSPEAR,2634,2450,0.99,1
YWHAE,APOO,2634,117,0.99,1
YWHAE,PCDP1,2634,1692,1.0,1
YWHAE,TTLL10,2634,2468,1.0,1
YWHAE,TTC26,2634,2460,0.99,1
YWHAE,TTC30A,2634,2462,1.0,1
YWHAE,TSTD2,2634,2454,0.99,1
YWHAE,PIGF,2634,1748,0.98,1
YWHAE,KIR3DL3,2634,1284,0.99,1
YWHAE,PIN1,2634,1756,0.98,1
YWHAE,PCDHB15,2634,1689,0.99,1
YWHAE,TTLL1,2634,2467,1.0,1
YWHAE,TTK,2634,2466,1.0,1
YWHAE,TRPC5,2634,2443,0.99,1
YWHAE,HTRA2,2634,1132,0.99,1
YWHAE,HSP90AA5P,2634,1121,1.0,1
YWHAE,HTT,2634,1133,1.0,1
YWHAE,TRPV4,2634,2445,0.99,1
YWHAE,PCDH15,2634,1685,0.99,1
YWHAE,PIGS,2634,1749,0.98,1
YWHAE,HSPA1L,2634,1125,1.0,1
YWHAE,KIF9,2634,1282,1.0,1
YWHAE,PAPOLA,2634,1676,1.0,1
YWHAE,TTR,2634,2477,1.0,1
YWHAE,TUBB,2634,2484,0.99,1
YWHAE,YTHDF3,2634,2633,1.0,1
YWHAE,TTC21A,2634,2458,0.99,1
YWHAE,PCDHA4,2634,1687,0.99,1
YWHAE,PCGF1,2634,1693,1.0,1
YWHAE,CSNK2A3,2634,572,1.0,1
YWHAE,TSPAN31,2634,2449,0.99,1
YWHAE,PARP15,2634,1679,1.0,1
YWHAE,PCDHGA1,2634,1690,0.99,1
YWHAE,TRIM36,2634,2429,1.0,1
YWHAE,CSNK1D,2634,569,1.0,1
YWHAE,PBX1,2634,1683,0.99,1
YWHAE,PIH1D2,2634,1750,0.98,1
YWHAE,TSNAXIP1,2634,2448,0.99,1
YWHAE,CTD-2373H9.6,2634,584,0.99,1
YWHAE,YWHAG,2634,2635,1.0,1
YWHAE,TTC8,2634,2465,1.0,1
YWHAE,TRIB2,2634,2426,1.0,1
YWHAE,PCGF6,2634,1694,1.0,1
YWHAE,TRPT1,2634,2444,0.99,1
YWHAE,PAGR1,2634,1669,0.98,1
YWHAE,TTC12,2634,2456,0.99,1
YWHAE,PARD6A,2634,1678,1.0,1
YWHAE,TSSC1,2634,2452,0.99,1
YWHAE,TRMT12,2634,2437,1.0,1
YWHAE,TSGA10,2634,2447,0.99,1
YWHAE,TRIM59,2634,2432,1.0,1
YWHAE,TUBA1A,2634,2479,1.0,1
YWHAE,TUBG1,2634,2491,0.98,1
YWHAE,TROVE2,2634,2442,0.99,1
YWHAE,CTD-3148I10.1,2634,585,0.99,1
YWHAE,TUBA3D,2634,2482,0.99,1
YWHAE,PCDHA8,2634,1688,0.99,1
YWHAE,ARAF,2634,119,0.99,1
YWHAE,PIL1,2634,1755,0.98,1
YWHAE,APOL1,2634,116,0.99,1
YWHAE,TUBA4A,2634,2483,0.99,1
YWHAE,TTLL3,2634,2470,1.0,1
YWHAE,TTC21B,2634,2459,0.99,1
YWHAE,PCBD2,2634,1684,0.99,1
YWHAE,TTBK2,2634,2455,0.99,1
YWHAE,TSSK1B,2634,2453,0.99,1
YWHAE,TUB,2634,2478,1.0,1
YWHAE,PCDHA10,2634,1686,0.99,1
YWHAE,YWHAH,2634,2636,1.0,1
YWHAE,TTLL9,2634,2476,1.0,1
YWHAE,TTLL11,2634,2469,1.0,1
YWHAE,TTLL4,2634,2471,1.0,1
YWHAE,TSPYL1,2634,2451,0.99,1
YWHAE,PIGA,2634,1747,0.98,1
YWHAE,HSPBP1,2634,1130,1.0,1
YWHAE,TUBB2A,2634,2485,0.99,1
YWHAE,HSPB11,2634,1129,1.0,1
YWHAE,TTLL8,2634,2475,1.0,1
YWHAE,TRIM46,2634,2431,1.0,1
YWHAE,TRIM73,2634,2434,1.0,1
YWHAE,HDDC3,2634,1080,0.98,1
YWHAE,TROAP,2634,2441,0.99,1
YWHAE,KIF5B,2634,1278,1.0,1
YWHAE,TTLL5,2634,2472,1.0,1
STK36,HUWE1,2253,1134,0.98,1
STK36,HSP90B1,2253,1123,0.98,1
STK36,HSPA8,2253,1128,0.98,1
STK36,HSPA4L,2253,1126,0.98,1
STK36,HSP90AA1,2253,1120,0.98,1
STK36,HSPA5,2253,1127,0.98,1
STK36,HSPA12B,2253,1124,0.98,1
STK36,HSP90AB1,2253,1122,0.98,1
STK36,HSP90AA5P,2253,1121,0.98,1
STK36,HTT,2253,1133,0.98,1
STK36,HSPA1L,2253,1125,0.98,1
STK36,HSPBP1,2253,1130,0.98,1
STK36,HSPB11,2253,1129,0.98,1
GRXCR1,HSP90B1,1039,1123,0.99,1
GRXCR1,GSTA2,1039,1044,0.98,1
GRXCR1,HSPA8,1039,1128,0.99,1
GRXCR1,HDAC6,1039,1079,0.99,1
GRXCR1,HCN2,1039,1076,0.98,1
GRXCR1,HSPA4L,1039,1126,0.99,1
GRXCR1,HHIP,1039,1087,0.99,1
GRXCR1,HDA3,1039,1078,0.98,1
GRXCR1,HSP90AA1,1039,1120,0.99,1
GRXCR1,HIF1A,1039,1088,0.99,1
GRXCR1,HAUS5,1039,1071,0.98,1
GRXCR1,HSPA5,1039,1127,0.99,1
GRXCR1,GSTA1,1039,1043,0.98,1
GRXCR1,HAP1,1039,1066,0.98,1
GRXCR1,HAUS8,1039,1074,0.98,1
GRXCR1,HAVCR1,1039,1075,0.98,1
GRXCR1,HSPA12B,1039,1124,0.99,1
GRXCR1,HAUS4,1039,1070,0.98,1
GRXCR1,HSP90AB1,1039,1122,0.99,1
GRXCR1,HSP90AA5P,1039,1121,0.99,1
GRXCR1,HSPA1L,1039,1125,0.99,1
GRXCR1,HAUS7,1039,1073,0.98,1
GRXCR1,HAUS6,1039,1072,0.98,1
GRXCR1,HIPK1,1039,1089,0.99,1
GRXCR1,HSPBP1,1039,1130,0.99,1
GRXCR1,HCST,1039,1077,0.98,1
GRXCR1,HSPB11,1039,1129,0.99,1
GRXCR1,HAUS1,1039,1067,0.98,1
GRXCR1,HDDC3,1039,1080,0.99,1
EEF1A1,HSP90B1,757,1123,0.99,1
EEF1A1,HDAC6,757,1079,0.99,1
EEF1A1,HCN2,757,1076,0.99,1
EEF1A1,HSPA4L,757,1126,0.99,1
EEF1A1,HHIP,757,1087,0.99,1
EEF1A1,HDA3,757,1078,0.99,1
EEF1A1,HSP90AA1,757,1120,0.99,1
EEF1A1,HIF1A,757,1088,0.99,1
EEF1A1,HAUS5,757,1071,0.99,1
EEF1A1,HSPA5,757,1127,0.99,1
EEF1A1,HAUS8,757,1074,0.99,1
EEF1A1,HAVCR1,757,1075,0.99,1
EEF1A1,HSPA12B,757,1124,0.99,1
EEF1A1,HAUS4,757,1070,0.98,1
EEF1A1,HSP90AB1,757,1122,0.99,1
EEF1A1,HSP90AA5P,757,1121,0.99,1
EEF1A1,HSPA1L,757,1125,0.99,1
EEF1A1,HAUS7,757,1073,0.99,1
EEF1A1,HAUS6,757,1072,0.99,1
EEF1A1,HIPK1,757,1089,0.99,1
EEF1A1,HCST,757,1077,0.99,1
EEF1A1,HDDC3,757,1080,0.99,1
SQSTM1,HUWE1,2225,1134,1.0,1
SQSTM1,HSP90B1,2225,1123,1.0,1
SQSTM1,HSPA8,2225,1128,1.0,1
SQSTM1,HDAC6,2225,1079,1.0,1
SQSTM1,HEATR2,2225,1083,0.98,1
SQSTM1,HES1,2225,1084,0.98,1
SQSTM1,HDHD2,2225,1082,0.98,1
SQSTM1,HSPA4L,2225,1126,1.0,1
SQSTM1,HSP90AA1,2225,1120,1.0,1
SQSTM1,SRGAP3,2225,2226,1.0,1
SQSTM1,HSPA5,2225,1127,1.0,1
SQSTM1,SPTBN5,2225,2224,1.0,1
SQSTM1,HSPA12B,2225,1124,1.0,1
SQSTM1,HSP90AB1,2225,1122,1.0,1
SQSTM1,HTR6,2225,1131,0.99,1
SQSTM1,HTRA2,2225,1132,0.99,1
SQSTM1,HSP90AA5P,2225,1121,1.0,1
SQSTM1,HTT,2225,1133,1.0,1
SQSTM1,HSPA1L,2225,1125,1.0,1
SQSTM1,HDGFRP3,2225,1081,0.98,1
SQSTM1,HSPBP1,2225,1130,1.0,1
SQSTM1,HSPB11,2225,1129,1.0,1
SQSTM1,HDDC3,2225,1080,1.0,1
CSNK1D,GTF2H1,569,1048,0.99,1
CSNK1D,APP,569,118,1.0,1
CSNK1D,HSP90B1,569,1123,1.0,1
CSNK1D,AKT1,569,76,0.99,1
CSNK1D,GSTA2,569,1044,1.0,1
CSNK1D,HSPA8,569,1128,1.0,1
CSNK1D,GUCA1C,569,1052,0.99,1
CSNK1D,HIST1H3C,569,1094,0.98,1
CSNK1D,HDAC6,569,1079,1.0,1
CSNK1D,CTNNB1,569,587,1.0,1
CSNK1D,HIST1H4H,569,1095,0.98,1
CSNK1D,HAUS3,569,1069,1.0,1
CSNK1D,GUCA1B,569,1051,0.99,1
CSNK1D,HAUS2,569,1068,1.0,1
CSNK1D,GUCA2B,569,1053,0.99,1
CSNK1D,GSK3B,569,1041,1.0,1
CSNK1D,HCN2,569,1076,1.0,1
CSNK1D,GSTM5,569,1046,0.99,1
CSNK1D,Gsk3b,569,1060,0.99,1
CSNK1D,HSPA4L,569,1126,1.0,1
CSNK1D,HHIP,569,1087,1.0,1
CSNK1D,HDA3,569,1078,1.0,1
CSNK1D,GSTM3,569,1045,0.99,1
CSNK1D,HSP90AA1,569,1120,1.0,1
CSNK1D,HIF1A,569,1088,1.0,1
CSNK1D,Gfap,569,1057,0.99,1
CSNK1D,H2-Aa,569,1062,0.99,1
CSNK1D,CTNNAL1,569,586,1.0,1
CSNK1D,CTSO,569,588,1.0,1
CSNK1D,AKIRIN1,569,73,0.99,1
CSNK1D,Gm4779,569,1058,0.99,1
CSNK1D,AKT1S1,569,77,0.99,1
CSNK1D,GSN,569,1042,1.0,1
CSNK1D,CSNK1A1,569,568,1.0,1
CSNK1D,HAUS5,569,1071,1.0,1
CSNK1D,CSGALNACT1,569,567,1.0,1
CSNK1D,HSPA5,569,1127,1.0,1
CSNK1D,GSTA1,569,1043,1.0,1
CSNK1D,Gm8129,569,1059,0.99,1
CSNK1D,CSNK1E,569,570,1.0,1
CSNK1D,HAP1,569,1066,1.0,1
CSNK1D,HAUS8,569,1074,1.0,1
CSNK1D,GRXCR1,569,1039,1.0,1
CSNK1D,GUCY2F,569,1055,0.99,1
CSNK1D,HAVCR1,569,1075,1.0,1
CSNK1D,GSF2,569,1040,1.0,1
CSNK1D,HSPA12B,569,1124,1.0,1
CSNK1D,HAUS4,569,1070,1.0,1
CSNK1D,CSNK1G1,569,571,1.0,1
CSNK1D,HSP90AB1,569,1122,1.0,1
CSNK1D,HIST1H2BF,569,1093,0.98,1
CSNK1D,HIST1H2BC,569,1092,0.98,1
CSNK1D,HAL,569,1065,0.99,1
CSNK1D,AKR1E2,569,75,0.98,1
CSNK1D,HSP90AA5P,569,1121,1.0,1
CSNK1D,HSPA1L,569,1125,1.0,1
CSNK1D,H2afj,569,1064,0.99,1
CSNK1D,H2AFJ,569,1063,0.99,1
CSNK1D,GUCY2D,569,1054,0.99,1
CSNK1D,ALAS2,569,78,0.99,1
CSNK1D,GUCA1A,569,1050,0.99,1
CSNK1D,GYPA,569,1056,0.99,1
CSNK1D,HAUS7,569,1073,1.0,1
CSNK1D,GTT1,569,1049,0.99,1
CSNK1D,HIST1H1D,569,1091,0.98,1
CSNK1D,HAUS6,569,1072,1.0,1
CSNK1D,GTF2E1,569,1047,0.99,1
CSNK1D,CTD-3148I10.1,569,585,1.0,1
CSNK1D,HIPK1,569,1089,1.0,1
CSNK1D,ARAF,569,119,1.0,1
CSNK1D,AKAP9,569,72,0.99,1
CSNK1D,Gtf2e2,569,1061,0.99,1
CSNK1D,AKNAD1,569,74,0.98,1
CSNK1D,HSPBP1,569,1130,1.0,1
CSNK1D,HCST,569,1077,1.0,1
CSNK1D,HSPB11,569,1129,1.0,1
CSNK1D,HAUS1,569,1067,1.0,1
CSNK1D,HIST1H1A,569,1090,0.98,1
CSNK1D,HDDC3,569,1080,1.0,1
HDAC6,GTF2H1,1079,1048,0.99,1
HDAC6,APP,1079,118,1.0,1
HDAC6,HUWE1,1079,1134,1.0,1
HDAC6,TUBA1B,1079,2480,1.0,1
HDAC6,HSP90B1,1079,1123,1.0,1
HDAC6,ARF4,1079,121,1.0,1
HDAC6,ARHGAP5,1079,130,1.0,1
HDAC6,AKT1,1079,76,1.0,1
HDAC6,GSTA2,1079,1044,1.0,1
HDAC6,HSPA8,1079,1128,1.0,1
HDAC6,ARFGEF2,1079,123,1.0,1
HDAC6,GUCA1C,1079,1052,0.99,1
HDAC6,ARL13B,1079,137,0.99,1
HDAC6,TUBB2B,1079,2486,0.99,1
HDAC6,ARHGAP35,1079,129,1.0,1
HDAC6,HAUS3,1079,1069,0.99,1
HDAC6,GUCA1B,1079,1051,0.99,1
HDAC6,HAUS2,1079,1068,0.99,1
HDAC6,GUCA2B,1079,1053,0.99,1
HDAC6,GSK3B,1079,1041,1.0,1
HDAC6,HCN2,1079,1076,0.99,1
HDAC6,GSTM5,1079,1046,0.99,1
HDAC6,Gsk3b,1079,1060,0.99,1
HDAC6,HSPA4L,1079,1126,1.0,1
HDAC6,HHIP,1079,1087,1.0,1
HDAC6,"ARG5,6",1079,126,1.0,1
HDAC6,HDA3,1079,1078,0.99,1
HDAC6,GSTM3,1079,1045,0.99,1
HDAC6,ARFIP1,1079,124,1.0,1
HDAC6,ARL14EP,1079,138,0.99,1
HDAC6,AREG,1079,120,0.99,1
HDAC6,ALDH1A3,1079,80,1.0,1
HDAC6,HSP90AA1,1079,1120,1.0,1
HDAC6,TTLL6,1079,2473,1.0,1
HDAC6,ARHGAP10,1079,127,1.0,1
HDAC6,HIF1A,1079,1088,1.0,1
HDAC6,Gfap,1079,1057,0.99,1
HDAC6,H2-Aa,1079,1062,0.99,1
HDAC6,TTLL7,1079,2474,1.0,1
HDAC6,AKIRIN1,1079,73,0.98,1
HDAC6,Gm4779,1079,1058,0.99,1
HDAC6,AKT1S1,1079,77,1.0,1
HDAC6,GSN,1079,1042,1.0,1
HDAC6,HAUS5,1079,1071,0.99,1
HDAC6,HSPA5,1079,1127,1.0,1
HDAC6,GSTA1,1079,1043,1.0,1
HDAC6,Gm8129,1079,1059,0.99,1
HDAC6,HAP1,1079,1066,1.0,1
HDAC6,ARHGDIB,1079,131,1.0,1
HDAC6,HAUS8,1079,1074,0.99,1
HDAC6,GRXCR1,1079,1039,1.0,1
HDAC6,GUCY2F,1079,1055,0.99,1
HDAC6,HAVCR1,1079,1075,0.99,1
HDAC6,GSF2,1079,1040,1.0,1
HDAC6,HSPA12B,1079,1124,1.0,1
HDAC6,HAUS4,1079,1070,0.99,1
HDAC6,TUBA1C,1079,2481,1.0,1
HDAC6,APOH,1079,115,0.99,1
HDAC6,HSP90AB1,1079,1122,1.0,1
HDAC6,APOO,1079,117,1.0,1
HDAC6,AP3B1,1079,105,0.99,1
HDAC6,ARID4B,1079,136,0.99,1
HDAC6,HAL,1079,1065,0.99,1
HDAC6,ARHGEF11,1079,133,0.99,1
HDAC6,HSP90AA5P,1079,1121,1.0,1
HDAC6,HTT,1079,1133,1.0,1
HDAC6,HSPA1L,1079,1125,1.0,1
HDAC6,ARF5,1079,122,1.0,1
HDAC6,ANXA1,1079,103,0.99,1
HDAC6,TTR,1079,2477,1.0,1
HDAC6,TUBB,1079,2484,0.99,1
HDAC6,H2afj,1079,1064,0.99,1
HDAC6,H2AFJ,1079,1063,0.99,1
HDAC6,GUCY2D,1079,1054,0.99,1
HDAC6,ARHGEF19,1079,134,0.99,1
HDAC6,ARG1,1079,125,1.0,1
HDAC6,ALAS2,1079,78,1.0,1
HDAC6,ARHGEF3,1079,135,0.99,1
HDAC6,GUCA1A,1079,1050,0.99,1
HDAC6,ARHGDIG,1079,132,0.99,1
HDAC6,GYPA,1079,1056,0.99,1
HDAC6,HAUS7,1079,1073,0.99,1
HDAC6,GTT1,1079,1049,0.99,1
HDAC6,HAUS6,1079,1072,0.99,1
HDAC6,GTF2E1,1079,1047,0.99,1
HDAC6,ALDH1A1,1079,79,1.0,1
HDAC6,TUBA1A,1079,2479,1.0,1
HDAC6,TUBA3D,1079,2482,1.0,1
HDAC6,HIPK1,1079,1089,1.0,1
HDAC6,ARAF,1079,119,1.0,1
HDAC6,APOL1,1079,116,1.0,1
HDAC6,TUBA4A,1079,2483,1.0,1
HDAC6,TTLL3,1079,2470,1.0,1
HDAC6,AKAP9,1079,72,0.98,1
HDAC6,TUB,1079,2478,1.0,1
HDAC6,ARL3,1079,140,0.99,1
HDAC6,ARHGAP27,1079,128,1.0,1
HDAC6,TTLL9,1079,2476,1.0,1
HDAC6,Gtf2e2,1079,1061,0.99,1
HDAC6,TTLL11,1079,2469,1.0,1
HDAC6,ANXA4,1079,104,0.99,1
HDAC6,TTLL4,1079,2471,1.0,1
HDAC6,HSPBP1,1079,1130,1.0,1
HDAC6,HCST,1079,1077,0.99,1
HDAC6,TUBB2A,1079,2485,0.99,1
HDAC6,ARL2BP,1079,139,0.99,1
HDAC6,HSPB11,1079,1129,1.0,1
HDAC6,TTLL8,1079,2475,1.0,1
HDAC6,HAUS1,1079,1067,1.0,1
HDAC6,HDDC3,1079,1080,1.0,1
HDAC6,TTLL5,1079,2472,1.0,1
CSNK1G1,GTF2H1,571,1048,0.99,1
CSNK1G1,APP,571,118,1.0,1
CSNK1G1,PSMC2,571,1853,0.98,1
CSNK1G1,PSEN2,571,1851,0.98,1
CSNK1G1,HSP90B1,571,1123,1.0,1
CSNK1G1,AKT1,571,76,0.99,1
CSNK1G1,GSTA2,571,1044,1.0,1
CSNK1G1,HSPA8,571,1128,1.0,1
CSNK1G1,GUCA1C,571,1052,0.99,1
CSNK1G1,HIST1H3C,571,1094,0.98,1
CSNK1G1,HDAC6,571,1079,1.0,1
CSNK1G1,HIST1H4H,571,1095,0.98,1
CSNK1G1,PSMA2,571,1852,0.98,1
CSNK1G1,HAUS3,571,1069,1.0,1
CSNK1G1,GUCA1B,571,1051,0.99,1
CSNK1G1,HAUS2,571,1068,1.0,1
CSNK1G1,GUCA2B,571,1053,0.99,1
CSNK1G1,GSK3B,571,1041,1.0,1
CSNK1G1,HCN2,571,1076,1.0,1
CSNK1G1,GSTM5,571,1046,0.99,1
CSNK1G1,Gsk3b,571,1060,0.99,1
CSNK1G1,HSPA4L,571,1126,1.0,1
CSNK1G1,HHIP,571,1087,1.0,1
CSNK1G1,PRKAR2B,571,1830,0.98,1
CSNK1G1,HDA3,571,1078,1.0,1
CSNK1G1,GSTM3,571,1045,0.99,1
CSNK1G1,HSP90AA1,571,1120,1.0,1
CSNK1G1,HIF1A,571,1088,1.0,1
CSNK1G1,PRKCH,571,1831,0.98,1
CSNK1G1,Gfap,571,1057,0.99,1
CSNK1G1,H2-Aa,571,1062,0.99,1
CSNK1G1,AKIRIN1,571,73,0.99,1
CSNK1G1,Gm4779,571,1058,0.99,1
CSNK1G1,AKT1S1,571,77,0.99,1
CSNK1G1,GSN,571,1042,1.0,1
CSNK1G1,CSNK1A1,571,568,1.0,1
CSNK1G1,HAUS5,571,1071,1.0,1
CSNK1G1,CSGALNACT1,571,567,1.0,1
CSNK1G1,PRKAR2A,571,1829,0.98,1
CSNK1G1,HSPA5,571,1127,1.0,1
CSNK1G1,GSTA1,571,1043,1.0,1
CSNK1G1,Gm8129,571,1059,0.99,1
CSNK1G1,CSNK1E,571,570,1.0,1
CSNK1G1,HAP1,571,1066,1.0,1
CSNK1G1,HAUS8,571,1074,1.0,1
CSNK1G1,GRXCR1,571,1039,1.0,1
CSNK1G1,GUCY2F,571,1055,0.99,1
CSNK1G1,HAVCR1,571,1075,1.0,1
CSNK1G1,GSF2,571,1040,1.0,1
CSNK1G1,PSMC5,571,1854,0.98,1
CSNK1G1,HSPA12B,571,1124,1.0,1
CSNK1G1,HAUS4,571,1070,1.0,1
CSNK1G1,HSP90AB1,571,1122,1.0,1
CSNK1G1,HIST1H2BF,571,1093,0.98,1
CSNK1G1,HIST1H2BC,571,1092,0.98,1
CSNK1G1,HAL,571,1065,0.99,1
CSNK1G1,AKR1E2,571,75,0.98,1
CSNK1G1,HSP90AA5P,571,1121,1.0,1
CSNK1G1,HSPA1L,571,1125,1.0,1
CSNK1G1,H2afj,571,1064,0.99,1
CSNK1G1,H2AFJ,571,1063,0.99,1
CSNK1G1,GUCY2D,571,1054,0.99,1
CSNK1G1,ALAS2,571,78,0.99,1
CSNK1G1,CSNK1D,571,569,1.0,1
CSNK1G1,GUCA1A,571,1050,0.99,1
CSNK1G1,PSEN1,571,1850,0.99,1
CSNK1G1,GYPA,571,1056,0.99,1
CSNK1G1,HAUS7,571,1073,1.0,1
CSNK1G1,GTT1,571,1049,0.99,1
CSNK1G1,HIST1H1D,571,1091,0.98,1
CSNK1G1,HAUS6,571,1072,1.0,1
CSNK1G1,GTF2E1,571,1047,0.99,1
CSNK1G1,HIPK1,571,1089,1.0,1
CSNK1G1,ARAF,571,119,1.0,1
CSNK1G1,AKAP9,571,72,0.99,1
CSNK1G1,Gtf2e2,571,1061,0.99,1
CSNK1G1,AKNAD1,571,74,0.98,1
CSNK1G1,HSPBP1,571,1130,1.0,1
CSNK1G1,HCST,571,1077,1.0,1
CSNK1G1,HSPB11,571,1129,1.0,1
CSNK1G1,PSMD10,571,1855,0.98,1
CSNK1G1,HAUS1,571,1067,1.0,1
CSNK1G1,HIST1H1A,571,1090,0.98,1
CSNK1G1,HDDC3,571,1080,1.0,1
GSK3B,GTF2H1,1041,1048,0.99,1
GSK3B,APP,1041,118,1.0,1
GSK3B,HUWE1,1041,1134,1.0,1
GSK3B,HSP90B1,1041,1123,1.0,1
GSK3B,ARF4,1041,121,0.99,1
GSK3B,ARHGAP5,1041,130,0.99,1
GSK3B,AKT1,1041,76,1.0,1
GSK3B,GSTA2,1041,1044,1.0,1
GSK3B,HSPA8,1041,1128,1.0,1
GSK3B,ARFGEF2,1041,123,0.99,1
GSK3B,GUCA1C,1041,1052,0.99,1
GSK3B,HDAC6,1041,1079,1.0,1
GSK3B,CTNNB1,1041,587,1.0,1
GSK3B,ARL13B,1041,137,0.98,1
GSK3B,ARHGAP35,1041,129,0.99,1
GSK3B,HAUS3,1041,1069,0.99,1
GSK3B,GUCA1B,1041,1051,0.99,1
GSK3B,HAUS2,1041,1068,0.99,1
GSK3B,GUCA2B,1041,1053,0.99,1
GSK3B,HCN2,1041,1076,0.99,1
GSK3B,GSTM5,1041,1046,0.99,1
GSK3B,Gsk3b,1041,1060,0.99,1
GSK3B,HSPA4L,1041,1126,1.0,1
GSK3B,HHIP,1041,1087,1.0,1
GSK3B,PRKAR2B,1041,1830,0.98,1
GSK3B,"ARG5,6",1041,126,0.99,1
GSK3B,HDA3,1041,1078,0.99,1
GSK3B,GSTM3,1041,1045,0.99,1
GSK3B,ARFIP1,1041,124,0.99,1
GSK3B,ARL14EP,1041,138,0.98,1
GSK3B,AREG,1041,120,0.98,1
GSK3B,ALDH1A3,1041,80,1.0,1
GSK3B,HSP90AA1,1041,1120,1.0,1
GSK3B,ARHGAP10,1041,127,0.99,1
GSK3B,HIF1A,1041,1088,1.0,1
GSK3B,PRKCH,1041,1831,0.98,1
GSK3B,Gfap,1041,1057,0.99,1
GSK3B,H2-Aa,1041,1062,0.99,1
GSK3B,CTNNAL1,1041,586,1.0,1
GSK3B,CTSO,1041,588,1.0,1
GSK3B,AKIRIN1,1041,73,1.0,1
GSK3B,Gm4779,1041,1058,0.99,1
GSK3B,AKT1S1,1041,77,1.0,1
GSK3B,SRGAP3,1041,2226,0.98,1
GSK3B,GSN,1041,1042,1.0,1
GSK3B,CSNK1A1,1041,568,0.98,1
GSK3B,HAUS5,1041,1071,0.99,1
GSK3B,CSGALNACT1,1041,567,0.98,1
GSK3B,PRKAR2A,1041,1829,0.98,1
GSK3B,HSPA5,1041,1127,1.0,1
GSK3B,GSTA1,1041,1043,1.0,1
GSK3B,Gm8129,1041,1059,0.99,1
GSK3B,SPTBN5,1041,2224,0.98,1
GSK3B,CSNK1E,1041,570,0.98,1
GSK3B,HAP1,1041,1066,1.0,1
GSK3B,ARHGDIB,1041,131,0.99,1
GSK3B,HAUS8,1041,1074,0.99,1
GSK3B,GRXCR1,1041,1039,1.0,1
GSK3B,GUCY2F,1041,1055,0.99,1
GSK3B,HAVCR1,1041,1075,0.99,1
GSK3B,GSF2,1041,1040,1.0,1
GSK3B,HSPA12B,1041,1124,1.0,1
GSK3B,HAUS4,1041,1070,0.99,1
GSK3B,APOH,1041,115,0.99,1
GSK3B,CSNK1G1,1041,571,0.98,1
GSK3B,HSP90AB1,1041,1122,1.0,1
GSK3B,PRKACB,1041,1824,1.0,1
GSK3B,APOO,1041,117,1.0,1
GSK3B,AP3B1,1041,105,0.99,1
GSK3B,SQSTM1,1041,2225,0.98,1
GSK3B,ARID4B,1041,136,0.98,1
GSK3B,HAL,1041,1065,0.99,1
GSK3B,ARHGEF11,1041,133,0.98,1
GSK3B,AKR1E2,1041,75,0.99,1
GSK3B,HSP90AA5P,1041,1121,1.0,1
GSK3B,HTT,1041,1133,1.0,1
GSK3B,HSPA1L,1041,1125,1.0,1
GSK3B,ARF5,1041,122,0.99,1
GSK3B,ANXA1,1041,103,0.99,1
GSK3B,H2afj,1041,1064,0.99,1
GSK3B,H2AFJ,1041,1063,0.99,1
GSK3B,GUCY2D,1041,1054,0.99,1
GSK3B,ARHGEF19,1041,134,0.98,1
GSK3B,ARG1,1041,125,0.99,1
GSK3B,ALAS2,1041,78,1.0,1
GSK3B,ARHGEF3,1041,135,0.98,1
GSK3B,CSNK1D,1041,569,0.98,1
GSK3B,GUCA1A,1041,1050,0.99,1
GSK3B,ARHGDIG,1041,132,0.98,1
GSK3B,GYPA,1041,1056,0.99,1
GSK3B,HAUS7,1041,1073,0.99,1
GSK3B,GTT1,1041,1049,0.99,1
GSK3B,PRKACG,1041,1825,1.0,1
GSK3B,HAUS6,1041,1072,0.99,1
GSK3B,GTF2E1,1041,1047,0.99,1
GSK3B,ALDH1A1,1041,79,1.0,1
GSK3B,CTD-3148I10.1,1041,585,1.0,1
GSK3B,SPTAN1,1041,2223,0.98,1
GSK3B,HIPK1,1041,1089,1.0,1
GSK3B,ARAF,1041,119,1.0,1
GSK3B,APOL1,1041,116,1.0,1
GSK3B,AKAP9,1041,72,1.0,1
GSK3B,ARL3,1041,140,0.98,1
GSK3B,ARHGAP27,1041,128,0.99,1
GSK3B,Gtf2e2,1041,1061,0.99,1
GSK3B,AKNAD1,1041,74,0.99,1
GSK3B,ANXA4,1041,104,0.99,1
GSK3B,HSPBP1,1041,1130,1.0,1
GSK3B,HCST,1041,1077,0.99,1
GSK3B,PRKACA,1041,1823,1.0,1
GSK3B,ARL2BP,1041,139,0.98,1
GSK3B,HSPB11,1041,1129,1.0,1
GSK3B,HAUS1,1041,1067,1.0,1
GSK3B,HDDC3,1041,1080,1.0,1
HSP90AB1,GTF2H1,1122,1048,0.99,1
HSP90AB1,APP,1122,118,0.99,1
HSP90AB1,HUWE1,1122,1134,1.0,1
HSP90AB1,TUBA1B,1122,2480,1.0,1
HSP90AB1,HSP90B1,1122,1123,1.0,1
HSP90AB1,ARF4,1122,121,0.99,1
HSP90AB1,ARHGAP5,1122,130,0.99,1
HSP90AB1,YTHDF2,1122,2632,1.0,1
HSP90AB1,TRIM27,1122,2427,1.0,1
HSP90AB1,AKT1,1122,76,0.99,1
HSP90AB1,GSTA2,1122,1044,1.0,1
HSP90AB1,HSPA8,1122,1128,1.0,1
HSP90AB1,ARFGEF2,1122,123,0.99,1
HSP90AB1,GUCA1C,1122,1052,0.99,1
HSP90AB1,FMNL3,1122,922,0.99,1
HSP90AB1,EEF1A1,1122,757,0.99,1
HSP90AB1,HDAC6,1122,1079,1.0,1
HSP90AB1,CTNNB1,1122,587,1.0,1
HSP90AB1,ARL13B,1122,137,0.98,1
HSP90AB1,TUBB2B,1122,2486,0.99,1
HSP90AB1,MAP1B,1122,1404,0.98,1
HSP90AB1,FLNB,1122,920,0.99,1
HSP90AB1,ARHGAP35,1122,129,0.99,1
HSP90AB1,HAUS3,1122,1069,0.99,1
HSP90AB1,GUCA1B,1122,1051,0.99,1
HSP90AB1,HAUS2,1122,1068,0.99,1
HSP90AB1,GUCA2B,1122,1053,0.99,1
HSP90AB1,GSK3B,1122,1041,1.0,1
HSP90AB1,HCN2,1122,1076,0.99,1
HSP90AB1,GSTM5,1122,1046,0.99,1
HSP90AB1,Gsk3b,1122,1060,0.99,1
HSP90AB1,HSPA4L,1122,1126,1.0,1
HSP90AB1,HHIP,1122,1087,1.0,1
HSP90AB1,ZBBX,1122,2638,1.0,1
HSP90AB1,PRKAR2B,1122,1830,0.99,1
HSP90AB1,"ARG5,6",1122,126,0.99,1
HSP90AB1,CYLD,1122,597,0.99,1
HSP90AB1,HDA3,1122,1078,0.99,1
HSP90AB1,CYLC2,1122,596,0.99,1
HSP90AB1,GSTM3,1122,1045,0.99,1
HSP90AB1,ARFIP1,1122,124,0.99,1
HSP90AB1,ARL14EP,1122,138,0.98,1
HSP90AB1,AREG,1122,120,0.98,1
HSP90AB1,ALDH1A3,1122,80,0.99,1
HSP90AB1,HSP90AA1,1122,1120,1.0,1
HSP90AB1,NOP58,1122,1579,0.98,1
HSP90AB1,TRIM32,1122,2428,1.0,1
HSP90AB1,TTLL6,1122,2473,1.0,1
HSP90AB1,ARHGAP10,1122,127,0.99,1
HSP90AB1,HIF1A,1122,1088,1.0,1
HSP90AB1,PRKCH,1122,1831,0.99,1
HSP90AB1,YWHAE,1122,2634,1.0,1
HSP90AB1,Gfap,1122,1057,0.99,1
HSP90AB1,H2-Aa,1122,1062,0.99,1
HSP90AB1,CTNNAL1,1122,586,1.0,1
HSP90AB1,CTSO,1122,588,1.0,1
HSP90AB1,TTLL7,1122,2474,1.0,1
HSP90AB1,Gm4779,1122,1058,0.99,1
HSP90AB1,TRIM71,1122,2433,0.99,1
HSP90AB1,AKT1S1,1122,77,0.99,1
HSP90AB1,FLNA,1122,919,0.99,1
HSP90AB1,SRGAP3,1122,2226,0.99,1
HSP90AB1,GSN,1122,1042,1.0,1
HSP90AB1,CSNK1A1,1122,568,0.99,1
HSP90AB1,HAUS5,1122,1071,0.99,1
HSP90AB1,NOTCH1,1122,1581,0.98,1
HSP90AB1,CSGALNACT1,1122,567,0.99,1
HSP90AB1,PRKAR2A,1122,1829,0.99,1
HSP90AB1,HSPA5,1122,1127,1.0,1
HSP90AB1,GSTA1,1122,1043,1.0,1
HSP90AB1,Gm8129,1122,1059,0.99,1
HSP90AB1,SPTBN5,1122,2224,0.99,1
HSP90AB1,CSNK1E,1122,570,0.99,1
HSP90AB1,HAP1,1122,1066,1.0,1
HSP90AB1,ARHGDIB,1122,131,0.99,1
HSP90AB1,TRIM41,1122,2430,1.0,1
HSP90AB1,HAUS8,1122,1074,0.99,1
HSP90AB1,GRXCR1,1122,1039,1.0,1
HSP90AB1,GUCY2F,1122,1055,0.99,1
HSP90AB1,TRMT5,1122,2438,0.99,1
HSP90AB1,HAVCR1,1122,1075,0.99,1
HSP90AB1,GSF2,1122,1040,1.0,1
HSP90AB1,NOSTRIN,1122,1580,0.98,1
HSP90AB1,TRIM9,1122,2435,0.99,1
HSP90AB1,YWHAQ,1122,2637,1.0,1
HSP90AB1,CYFIP2,1122,595,0.99,1
HSP90AB1,HSPA12B,1122,1124,1.0,1
HSP90AB1,HAUS4,1122,1070,0.99,1
HSP90AB1,TUBA1C,1122,2481,1.0,1
HSP90AB1,MAP4,1122,1407,0.98,1
HSP90AB1,APOH,1122,115,0.98,1
HSP90AB1,CSNK1G1,1122,571,0.99,1
HSP90AB1,EFCAB1,1122,759,0.99,1
HSP90AB1,MAP6,1122,1408,0.98,1
HSP90AB1,MAP2K1,1122,1406,0.98,1
HSP90AB1,TRMT6,1122,2439,0.99,1
HSP90AB1,TRIP11,1122,2436,0.99,1
HSP90AB1,PRKACB,1122,1824,1.0,1
HSP90AB1,MAP1LC3B,1122,1405,0.98,1
HSP90AB1,APOO,1122,117,0.99,1
HSP90AB1,AP3B1,1122,105,0.99,1
HSP90AB1,SQSTM1,1122,2225,0.99,1
HSP90AB1,EFCAB12,1122,761,0.99,1
HSP90AB1,ARID4B,1122,136,0.98,1
HSP90AB1,HAL,1122,1065,0.99,1
HSP90AB1,ARHGEF11,1122,133,0.98,1
HSP90AB1,EDC4,1122,755,0.99,1
HSP90AB1,EDEM1,1122,756,0.99,1
HSP90AB1,HSP90AA5P,1122,1121,1.0,1
HSP90AB1,HTT,1122,1133,1.0,1
HSP90AB1,EFCAB11,1122,760,0.99,1
HSP90AB1,HSPA1L,1122,1125,1.0,1
HSP90AB1,NONO,1122,1578,0.98,1
HSP90AB1,ARF5,1122,122,0.99,1
HSP90AB1,ANXA1,1122,103,0.99,1
HSP90AB1,TTR,1122,2477,1.0,1
HSP90AB1,TUBB,1122,2484,0.99,1
HSP90AB1,YTHDF3,1122,2633,1.0,1
HSP90AB1,H2afj,1122,1064,0.99,1
HSP90AB1,H2AFJ,1122,1063,0.99,1
HSP90AB1,GUCY2D,1122,1054,0.99,1
HSP90AB1,ARHGEF19,1122,134,0.98,1
HSP90AB1,ARG1,1122,125,0.99,1
HSP90AB1,ALAS2,1122,78,0.99,1
HSP90AB1,ARHGEF3,1122,135,0.98,1
HSP90AB1,TRIM36,1122,2429,1.0,1
HSP90AB1,CSNK1D,1122,569,0.99,1
HSP90AB1,EEF1D,1122,758,0.99,1
HSP90AB1,GUCA1A,1122,1050,0.99,1
HSP90AB1,ARHGDIG,1122,132,0.98,1
HSP90AB1,GYPA,1122,1056,0.99,1
HSP90AB1,HAUS7,1122,1073,0.99,1
HSP90AB1,YWHAG,1122,2635,1.0,1
HSP90AB1,GTT1,1122,1049,0.99,1
HSP90AB1,PRKACG,1122,1825,1.0,1
HSP90AB1,TRMT12,1122,2437,0.99,1
HSP90AB1,HAUS6,1122,1072,0.99,1
HSP90AB1,GTF2E1,1122,1047,0.99,1
HSP90AB1,ALDH1A1,1122,79,0.99,1
HSP90AB1,TRIM59,1122,2432,0.99,1
HSP90AB1,TUBA1A,1122,2479,1.0,1
HSP90AB1,CWC25,1122,593,0.99,1
HSP90AB1,CTD-3148I10.1,1122,585,1.0,1
HSP90AB1,SPTAN1,1122,2223,0.99,1
HSP90AB1,TUBA3D,1122,2482,1.0,1
HSP90AB1,HIPK1,1122,1089,1.0,1
HSP90AB1,ARAF,1122,119,0.99,1
HSP90AB1,APOL1,1122,116,0.99,1
HSP90AB1,TUBA4A,1122,2483,1.0,1
HSP90AB1,TTLL3,1122,2470,1.0,1
HSP90AB1,TUB,1122,2478,1.0,1
HSP90AB1,ARL3,1122,140,0.98,1
HSP90AB1,CYP2C8,1122,598,0.99,1
HSP90AB1,ARHGAP27,1122,128,0.99,1
HSP90AB1,FNBP1L,1122,923,0.99,1
HSP90AB1,YWHAH,1122,2636,1.0,1
HSP90AB1,TTLL9,1122,2476,1.0,1
HSP90AB1,Gtf2e2,1122,1061,0.99,1
HSP90AB1,TTLL11,1122,2469,1.0,1
HSP90AB1,FLOT2,1122,921,0.99,1
HSP90AB1,ANXA4,1122,104,0.99,1
HSP90AB1,TTLL4,1122,2471,1.0,1
HSP90AB1,CYB5D1,1122,594,0.99,1
HSP90AB1,HSPBP1,1122,1130,1.0,1
HSP90AB1,HCST,1122,1077,0.99,1
HSP90AB1,PRKACA,1122,1823,1.0,1
HSP90AB1,TUBB2A,1122,2485,0.99,1
HSP90AB1,ARL2BP,1122,139,0.98,1
HSP90AB1,HSPB11,1122,1129,1.0,1
HSP90AB1,TTLL8,1122,2475,1.0,1
HSP90AB1,TRIM46,1122,2431,1.0,1
HSP90AB1,HAUS1,1122,1067,1.0,1
HSP90AB1,TRIM73,1122,2434,0.99,1
HSP90AB1,HDDC3,1122,1080,1.0,1
HSP90AB1,TTLL5,1122,2472,1.0,1
CTNNB1,GTF2H1,587,1048,0.99,1
CTNNB1,APP,587,118,1.0,1
CTNNB1,PSMC2,587,1853,1.0,1
CTNNB1,PSEN2,587,1851,1.0,1
CTNNB1,HSP90B1,587,1123,1.0,1
CTNNB1,PAX1,587,1681,0.99,1
CTNNB1,AKT1,587,76,0.99,1
CTNNB1,GSTA2,587,1044,1.0,1
CTNNB1,HSPA8,587,1128,1.0,1
CTNNB1,GUCA1C,587,1052,0.99,1
CTNNB1,HIST1H3C,587,1094,0.98,1
CTNNB1,HDAC6,587,1079,1.0,1
CTNNB1,PAXBP1,587,1682,0.99,1
CTNNB1,HIST1H4H,587,1095,0.98,1
CTNNB1,PSMA2,587,1852,1.0,1
CTNNB1,HAUS3,587,1069,1.0,1
CTNNB1,GUCA1B,587,1051,0.99,1
CTNNB1,HAUS2,587,1068,1.0,1
CTNNB1,GUCA2B,587,1053,0.99,1
CTNNB1,GSK3B,587,1041,1.0,1
CTNNB1,HCN2,587,1076,1.0,1
CTNNB1,GSTM5,587,1046,0.99,1
CTNNB1,Gsk3b,587,1060,0.99,1
CTNNB1,HSPA4L,587,1126,1.0,1
CTNNB1,HHIP,587,1087,1.0,1
CTNNB1,PRKAR2B,587,1830,0.99,1
CTNNB1,HDA3,587,1078,1.0,1
CTNNB1,GSTM3,587,1045,0.99,1
CTNNB1,HSP90AA1,587,1120,1.0,1
CTNNB1,HIF1A,587,1088,1.0,1
CTNNB1,PRKCH,587,1831,0.99,1
CTNNB1,Gfap,587,1057,0.99,1
CTNNB1,H2-Aa,587,1062,0.99,1
CTNNB1,PCM1,587,1695,0.99,1
CTNNB1,AKIRIN1,587,73,0.99,1
CTNNB1,Gm4779,587,1058,0.99,1
CTNNB1,AKT1S1,587,77,0.99,1
CTNNB1,GSN,587,1042,1.0,1
CTNNB1,HAUS5,587,1071,1.0,1
CTNNB1,PCNT,587,1697,0.99,1
CTNNB1,PRKAR2A,587,1829,0.99,1
CTNNB1,HSPA5,587,1127,1.0,1
CTNNB1,PARS2,587,1680,0.99,1
CTNNB1,GSTA1,587,1043,1.0,1
CTNNB1,Gm8129,587,1059,0.99,1
CTNNB1,HAP1,587,1066,1.0,1
CTNNB1,PCMTD1,587,1696,0.99,1
CTNNB1,HAUS8,587,1074,1.0,1
CTNNB1,PARD3,587,1677,0.99,1
CTNNB1,GRXCR1,587,1039,1.0,1
CTNNB1,GUCY2F,587,1055,0.99,1
CTNNB1,HAVCR1,587,1075,1.0,1
CTNNB1,GSF2,587,1040,1.0,1
CTNNB1,PSMC5,587,1854,1.0,1
CTNNB1,HSPA12B,587,1124,1.0,1
CTNNB1,HAUS4,587,1070,1.0,1
CTNNB1,HSP90AB1,587,1122,1.0,1
CTNNB1,HIST1H2BF,587,1093,0.98,1
CTNNB1,HIST1H2BC,587,1092,0.98,1
CTNNB1,HAL,587,1065,0.99,1
CTNNB1,PCDHB15,587,1689,0.98,1
CTNNB1,AKR1E2,587,75,0.98,1
CTNNB1,HSP90AA5P,587,1121,1.0,1
CTNNB1,PCDH15,587,1685,0.98,1
CTNNB1,HSPA1L,587,1125,1.0,1
CTNNB1,H2afj,587,1064,0.99,1
CTNNB1,PCDHA4,587,1687,0.98,1
CTNNB1,PCGF1,587,1693,0.99,1
CTNNB1,H2AFJ,587,1063,0.99,1
CTNNB1,GUCY2D,587,1054,0.99,1
CTNNB1,ALAS2,587,78,0.99,1
CTNNB1,PARP15,587,1679,0.99,1
CTNNB1,GUCA1A,587,1050,0.99,1
CTNNB1,PSEN1,587,1850,1.0,1
CTNNB1,GYPA,587,1056,0.99,1
CTNNB1,PBX1,587,1683,0.99,1
CTNNB1,HAUS7,587,1073,1.0,1
CTNNB1,GTT1,587,1049,0.99,1
CTNNB1,PCGF6,587,1694,0.99,1
CTNNB1,HIST1H1D,587,1091,0.98,1
CTNNB1,PARD6A,587,1678,0.99,1
CTNNB1,HAUS6,587,1072,1.0,1
CTNNB1,GTF2E1,587,1047,0.99,1
CTNNB1,HIPK1,587,1089,1.0,1
CTNNB1,PCDHA8,587,1688,0.98,1
CTNNB1,ARAF,587,119,1.0,1
CTNNB1,AKAP9,587,72,0.99,1
CTNNB1,PCBD2,587,1684,0.98,1
CTNNB1,PCDHA10,587,1686,0.98,1
CTNNB1,Gtf2e2,587,1061,0.99,1
CTNNB1,AKNAD1,587,74,0.98,1
CTNNB1,HSPBP1,587,1130,1.0,1
CTNNB1,HCST,587,1077,1.0,1
CTNNB1,HSPB11,587,1129,1.0,1
CTNNB1,PSMD10,587,1855,1.0,1
CTNNB1,HAUS1,587,1067,1.0,1
CTNNB1,HIST1H1A,587,1090,0.98,1
CTNNB1,HDDC3,587,1080,1.0,1
VHL,HUWE1,2562,1134,0.99,1
VHL,HSP90B1,2562,1123,0.99,1
VHL,HSPA8,2562,1128,0.99,1
VHL,HSPA4L,2562,1126,0.99,1
VHL,HSP90AA1,2562,1120,0.99,1
VHL,HSPA5,2562,1127,0.99,1
VHL,HSPA12B,2562,1124,0.99,1
VHL,HSP90AB1,2562,1122,0.99,1
VHL,HTR6,2562,1131,0.98,1
VHL,HTRA2,2562,1132,0.98,1
VHL,HSP90AA5P,2562,1121,0.99,1
VHL,HTT,2562,1133,0.99,1
VHL,HSPA1L,2562,1125,0.99,1
VHL,HSPBP1,2562,1130,0.99,1
VHL,HSPB11,2562,1129,0.99,1
AURKA,HSP90B1,186,1123,1.0,1
AURKA,GSTA2,186,1044,0.98,1
AURKA,HSPA8,186,1128,1.0,1
AURKA,GSK3B,186,1041,0.98,1
AURKA,HSPA4L,186,1126,1.0,1
AURKA,HSP90AA1,186,1120,1.0,1
AURKA,GSN,186,1042,0.98,1
AURKA,HSPA5,186,1127,1.0,1
AURKA,GSTA1,186,1043,0.98,1
AURKA,GRXCR1,186,1039,0.98,1
AURKA,GSF2,186,1040,0.98,1
AURKA,HSPA12B,186,1124,1.0,1
AURKA,HSP90AB1,186,1122,1.0,1
AURKA,HSP90AA5P,186,1121,1.0,1
AURKA,HSPA1L,186,1125,1.0,1
AURKA,HSPBP1,186,1130,1.0,1
AURKA,HSPB11,186,1129,1.0,1
NOTO,HUWE1,1582,1134,0.99,1
NOTO,HSP90B1,1582,1123,1.0,1
NOTO,HSPA8,1582,1128,1.0,1
NOTO,HSPA4L,1582,1126,1.0,1
NOTO,HSP90AA1,1582,1120,1.0,1
NOTO,HSPA5,1582,1127,1.0,1
NOTO,HSPA12B,1582,1124,1.0,1
NOTO,HSP90AB1,1582,1122,1.0,1
NOTO,HTR6,1582,1131,0.98,1
NOTO,HSP90AA5P,1582,1121,1.0,1
NOTO,HTT,1582,1133,0.99,1
NOTO,HSPA1L,1582,1125,1.0,1
NOTO,HSPBP1,1582,1130,1.0,1
NOTO,HSPB11,1582,1129,1.0,1
PSEN1,HUWE1,1850,1134,1.0,1
PSEN1,HSP90B1,1850,1123,0.98,1
PSEN1,HSPA8,1850,1128,1.0,1
PSEN1,HDAC6,1850,1079,0.98,1
PSEN1,CTNNB1,1850,587,0.99,1
PSEN1,HSPA4L,1850,1126,1.0,1
PSEN1,HSP90AA1,1850,1120,0.98,1
PSEN1,CTNNAL1,1850,586,0.99,1
PSEN1,CTSO,1850,588,0.99,1
PSEN1,HSPA5,1850,1127,1.0,1
PSEN1,HSPA12B,1850,1124,1.0,1
PSEN1,HSP90AB1,1850,1122,0.98,1
PSEN1,HTR6,1850,1131,0.98,1
PSEN1,HTRA2,1850,1132,0.98,1
PSEN1,HSP90AA5P,1850,1121,0.98,1
PSEN1,HTT,1850,1133,1.0,1
PSEN1,HSPA1L,1850,1125,1.0,1
PSEN1,CTD-2373H9.6,1850,584,0.99,1
PSEN1,CTD-3148I10.1,1850,585,0.99,1
PSEN1,HSPBP1,1850,1130,1.0,1
PSEN1,HSPB11,1850,1129,1.0,1
PSEN1,HDDC3,1850,1080,0.98,1
CSNK1A1,GTF2H1,568,1048,0.99,1
CSNK1A1,APP,568,118,1.0,1
CSNK1A1,HSP90B1,568,1123,1.0,1
CSNK1A1,AKT1,568,76,0.99,1
CSNK1A1,GSTA2,568,1044,1.0,1
CSNK1A1,HSPA8,568,1128,1.0,1
CSNK1A1,GUCA1C,568,1052,0.99,1
CSNK1A1,HIST1H3C,568,1094,0.98,1
CSNK1A1,HDAC6,568,1079,1.0,1
CSNK1A1,CTNNB1,568,587,1.0,1
CSNK1A1,HIST1H4H,568,1095,0.98,1
CSNK1A1,HAUS3,568,1069,1.0,1
CSNK1A1,GUCA1B,568,1051,0.99,1
CSNK1A1,HAUS2,568,1068,1.0,1
CSNK1A1,GUCA2B,568,1053,0.99,1
CSNK1A1,GSK3B,568,1041,1.0,1
CSNK1A1,HCN2,568,1076,1.0,1
CSNK1A1,GSTM5,568,1046,0.99,1
CSNK1A1,Gsk3b,568,1060,0.99,1
CSNK1A1,HSPA4L,568,1126,1.0,1
CSNK1A1,HHIP,568,1087,1.0,1
CSNK1A1,HDA3,568,1078,1.0,1
CSNK1A1,GSTM3,568,1045,0.99,1
CSNK1A1,HSP90AA1,568,1120,1.0,1
CSNK1A1,HIF1A,568,1088,1.0,1
CSNK1A1,Gfap,568,1057,0.99,1
CSNK1A1,H2-Aa,568,1062,0.99,1
CSNK1A1,CTNNAL1,568,586,1.0,1
CSNK1A1,CTSO,568,588,1.0,1
CSNK1A1,AKIRIN1,568,73,0.99,1
CSNK1A1,Gm4779,568,1058,0.99,1
CSNK1A1,AKT1S1,568,77,0.99,1
CSNK1A1,GSN,568,1042,1.0,1
CSNK1A1,HAUS5,568,1071,1.0,1
CSNK1A1,CSGALNACT1,568,567,1.0,1
CSNK1A1,HSPA5,568,1127,1.0,1
CSNK1A1,GSTA1,568,1043,1.0,1
CSNK1A1,Gm8129,568,1059,0.99,1
CSNK1A1,CSNK1E,568,570,1.0,1
CSNK1A1,HAP1,568,1066,1.0,1
CSNK1A1,HAUS8,568,1074,1.0,1
CSNK1A1,GRXCR1,568,1039,1.0,1
CSNK1A1,GUCY2F,568,1055,0.99,1
CSNK1A1,HAVCR1,568,1075,1.0,1
CSNK1A1,GSF2,568,1040,1.0,1
CSNK1A1,HSPA12B,568,1124,1.0,1
CSNK1A1,HAUS4,568,1070,1.0,1
CSNK1A1,CSNK1G1,568,571,1.0,1
CSNK1A1,HSP90AB1,568,1122,1.0,1
CSNK1A1,HIST1H2BF,568,1093,0.98,1
CSNK1A1,HIST1H2BC,568,1092,0.98,1
CSNK1A1,HAL,568,1065,0.99,1
CSNK1A1,AKR1E2,568,75,0.98,1
CSNK1A1,HSP90AA5P,568,1121,1.0,1
CSNK1A1,HSPA1L,568,1125,1.0,1
CSNK1A1,H2afj,568,1064,0.99,1
CSNK1A1,H2AFJ,568,1063,0.99,1
CSNK1A1,GUCY2D,568,1054,0.99,1
CSNK1A1,ALAS2,568,78,0.99,1
CSNK1A1,CSNK1D,568,569,1.0,1
CSNK1A1,GUCA1A,568,1050,0.99,1
CSNK1A1,GYPA,568,1056,0.99,1
CSNK1A1,HAUS7,568,1073,1.0,1
CSNK1A1,GTT1,568,1049,0.99,1
CSNK1A1,HIST1H1D,568,1091,0.98,1
CSNK1A1,HAUS6,568,1072,1.0,1
CSNK1A1,GTF2E1,568,1047,0.99,1
CSNK1A1,CTD-3148I10.1,568,585,1.0,1
CSNK1A1,HIPK1,568,1089,1.0,1
CSNK1A1,ARAF,568,119,1.0,1
CSNK1A1,AKAP9,568,72,0.99,1
CSNK1A1,Gtf2e2,568,1061,0.99,1
CSNK1A1,AKNAD1,568,74,0.98,1
CSNK1A1,HSPBP1,568,1130,1.0,1
CSNK1A1,HCST,568,1077,1.0,1
CSNK1A1,HSPB11,568,1129,1.0,1
CSNK1A1,HAUS1,568,1067,1.0,1
CSNK1A1,HIST1H1A,568,1090,0.98,1
CSNK1A1,HDDC3,568,1080,1.0,1
CDK1,CTNNB1,449,587,0.99,1
CDK1,CDIP1,449,448,0.98,1
CDK1,CDH23,449,444,0.98,1
CDK1,CDHR3,449,447,0.98,1
CDK1,CTNNAL1,449,586,0.99,1
CDK1,CTSO,449,588,0.99,1
CDK1,CDK15,449,450,0.98,1
CDK1,CDHR1,449,446,0.98,1
CDK1,CTD-3148I10.1,449,585,0.99,1
CDK1,CDH8,449,445,0.98,1
HTT,GTF2H1,1133,1048,0.99,1
HTT,APP,1133,118,1.0,1
HTT,HUWE1,1133,1134,1.0,1
HTT,TUBA1B,1133,2480,1.0,1
HTT,HSP90B1,1133,1123,1.0,1
HTT,ARF4,1133,121,1.0,1
HTT,ARHGAP5,1133,130,1.0,1
HTT,CKAP2,1133,506,0.98,1
HTT,DNAH12,1133,676,0.98,1
HTT,AURKA,1133,186,0.99,1
HTT,YTHDF2,1133,2632,1.0,1
HTT,TRIM27,1133,2427,1.0,1
HTT,AKT1,1133,76,1.0,1
HTT,GSTA2,1133,1044,1.0,1
HTT,HSPA8,1133,1128,1.0,1
HTT,CKMT1B,1133,508,0.98,1
HTT,ARFGEF2,1133,123,1.0,1
HTT,GUCA1C,1133,1052,0.99,1
HTT,DNAAF3,1133,672,0.98,1
HTT,ARL6,1133,142,0.98,1
HTT,FMNL3,1133,922,0.99,1
HTT,EEF1A1,1133,757,1.0,1
HTT,HDAC6,1133,1079,1.0,1
HTT,CTNNB1,1133,587,1.0,1
HTT,ARL13B,1133,137,0.99,1
HTT,TUBB2B,1133,2486,0.99,1
HTT,MAP1B,1133,1404,1.0,1
HTT,CIPC,1133,504,0.98,1
HTT,CIT1,1133,505,0.98,1
HTT,FLNB,1133,920,0.99,1
HTT,DNAH11,1133,675,0.98,1
HTT,ARHGAP35,1133,129,1.0,1
HTT,HAUS3,1133,1069,0.99,1
HTT,GUCA1B,1133,1051,0.99,1
HTT,HAUS2,1133,1068,0.99,1
HTT,GUCA2B,1133,1053,0.99,1
HTT,GSK3B,1133,1041,1.0,1
HTT,HCN2,1133,1076,0.99,1
HTT,ARL4D,1133,141,0.98,1
HTT,GSTM5,1133,1046,0.99,1
HTT,Gsk3b,1133,1060,0.99,1
HTT,HSPA4L,1133,1126,1.0,1
HTT,HHIP,1133,1087,1.0,1
HTT,ZBBX,1133,2638,1.0,1
HTT,DLG5,1133,667,0.98,1
HTT,PRKAR2B,1133,1830,0.98,1
HTT,"ARG5,6",1133,126,1.0,1
HTT,CYLD,1133,597,0.99,1
HTT,HDA3,1133,1078,0.99,1
HTT,CYLC2,1133,596,0.99,1
HTT,GSTM3,1133,1045,0.99,1
HTT,ARFIP1,1133,124,1.0,1
HTT,ARL14EP,1133,138,0.99,1
HTT,AREG,1133,120,0.99,1
HTT,ALDH1A3,1133,80,1.0,1
HTT,HSP90AA1,1133,1120,1.0,1
HTT,TRIM32,1133,2428,1.0,1
HTT,TTLL6,1133,2473,1.0,1
HTT,ARHGAP10,1133,127,1.0,1
HTT,HIF1A,1133,1088,1.0,1
HTT,PRKCH,1133,1831,0.98,1
HTT,YWHAE,1133,2634,1.0,1
HTT,Gfap,1133,1057,0.99,1
HTT,H2-Aa,1133,1062,0.99,1
HTT,EHD3,1133,775,0.98,1
HTT,CTNNAL1,1133,586,1.0,1
HTT,CTSO,1133,588,1.0,1
HTT,TTLL7,1133,2474,1.0,1
HTT,AKIRIN1,1133,73,0.98,1
HTT,Gm4779,1133,1058,0.99,1
HTT,TRIM71,1133,2433,0.99,1
HTT,AKT1S1,1133,77,1.0,1
HTT,MAP10,1133,1402,0.98,1
HTT,FLNA,1133,919,0.99,1
HTT,SRGAP3,1133,2226,1.0,1
HTT,GSN,1133,1042,1.0,1
HTT,EHD1,1133,774,0.98,1
HTT,CSNK1A1,1133,568,0.99,1
HTT,HAUS5,1133,1071,0.99,1
HTT,CSGALNACT1,1133,567,0.99,1
HTT,PRKAR2A,1133,1829,0.98,1
HTT,HSPA5,1133,1127,1.0,1
HTT,GSTA1,1133,1043,1.0,1
HTT,Gm8129,1133,1059,0.99,1
HTT,SPTBN5,1133,2224,1.0,1
HTT,CSNK1E,1133,570,0.99,1
HTT,HAP1,1133,1066,1.0,1
HTT,ARHGDIB,1133,131,1.0,1
HTT,TRIM41,1133,2430,1.0,1
HTT,HAUS8,1133,1074,0.99,1
HTT,GRXCR1,1133,1039,1.0,1
HTT,GUCY2F,1133,1055,0.99,1
HTT,TRMT5,1133,2438,0.99,1
HTT,HAVCR1,1133,1075,0.99,1
HTT,GSF2,1133,1040,1.0,1
HTT,DISC1,1133,664,0.98,1
HTT,TRIM9,1133,2435,0.99,1
HTT,YWHAQ,1133,2637,1.0,1
HTT,CYFIP2,1133,595,0.99,1
HTT,HSPA12B,1133,1124,1.0,1
HTT,HAUS4,1133,1070,0.99,1
HTT,TUBA1C,1133,2481,1.0,1
HTT,MAP4,1133,1407,1.0,1
HTT,APOH,1133,115,0.99,1
HTT,CSNK1G1,1133,571,0.99,1
HTT,HSP90AB1,1133,1122,1.0,1
HTT,EFCAB1,1133,759,1.0,1
HTT,DNAH10,1133,674,0.98,1
HTT,DNAAF2,1133,671,0.98,1
HTT,DLD,1133,666,0.98,1
HTT,MAP6,1133,1408,1.0,1
HTT,MAP2K1,1133,1406,1.0,1
HTT,TRMT6,1133,2439,0.99,1
HTT,TRIP11,1133,2436,0.99,1
HTT,PRKACB,1133,1824,0.99,1
HTT,CKAP5,1133,507,0.98,1
HTT,MAP1LC3B,1133,1405,1.0,1
HTT,APOO,1133,117,1.0,1
HTT,AP3B1,1133,105,1.0,1
HTT,SQSTM1,1133,2225,1.0,1
HTT,DNAH14,1133,677,0.98,1
HTT,EFCAB12,1133,761,1.0,1
HTT,ARID4B,1133,136,0.99,1
HTT,HAL,1133,1065,0.99,1
HTT,ARHGEF11,1133,133,0.99,1
HTT,EDC4,1133,755,1.0,1
HTT,EDEM1,1133,756,1.0,1
HTT,DNAAF1,1133,670,0.98,1
HTT,DLL1,1133,668,0.98,1
HTT,HSP90AA5P,1133,1121,1.0,1
HTT,MAP1A,1133,1403,0.98,1
HTT,EFCAB11,1133,760,1.0,1
HTT,ATXN3,1133,185,0.99,1
HTT,HSPA1L,1133,1125,1.0,1
HTT,ARL6IP6,1133,143,0.98,1
HTT,ARF5,1133,122,1.0,1
HTT,ANXA1,1133,103,1.0,1
HTT,TTR,1133,2477,1.0,1
HTT,TUBB,1133,2484,0.99,1
HTT,YTHDF3,1133,2633,1.0,1
HTT,H2afj,1133,1064,0.99,1
HTT,H2AFJ,1133,1063,0.99,1
HTT,DMD,1133,669,0.98,1
HTT,GUCY2D,1133,1054,0.99,1
HTT,ARHGEF19,1133,134,0.99,1
HTT,ARG1,1133,125,1.0,1
HTT,ALAS2,1133,78,1.0,1
HTT,ARHGEF3,1133,135,0.99,1
HTT,TRIM36,1133,2429,1.0,1
HTT,CSNK1D,1133,569,0.99,1
HTT,EEF1D,1133,758,1.0,1
HTT,GUCA1A,1133,1050,0.99,1
HTT,ARHGDIG,1133,132,0.99,1
HTT,GYPA,1133,1056,0.99,1
HTT,HAUS7,1133,1073,0.99,1
HTT,YWHAG,1133,2635,1.0,1
HTT,GTT1,1133,1049,0.99,1
HTT,ATXN10,1133,184,0.99,1
HTT,PRKACG,1133,1825,0.99,1
HTT,DNAH1,1133,673,0.98,1
HTT,TRMT12,1133,2437,0.99,1
HTT,HAUS6,1133,1072,0.99,1
HTT,GTF2E1,1133,1047,0.99,1
HTT,ALDH1A1,1133,79,1.0,1
HTT,TRIM59,1133,2432,0.99,1
HTT,TUBA1A,1133,2479,1.0,1
HTT,CWC25,1133,593,0.99,1
HTT,CTD-3148I10.1,1133,585,1.0,1
HTT,SPTAN1,1133,2223,1.0,1
HTT,TUBA3D,1133,2482,1.0,1
HTT,HIPK1,1133,1089,1.0,1
HTT,AP3M2,1133,106,0.98,1
HTT,ARAF,1133,119,1.0,1
HTT,APOL1,1133,116,1.0,1
HTT,TUBA4A,1133,2483,1.0,1
HTT,TTLL3,1133,2470,1.0,1
HTT,AKAP9,1133,72,0.98,1
HTT,TUB,1133,2478,1.0,1
HTT,ARL3,1133,140,0.99,1
HTT,CYP2C8,1133,598,0.99,1
HTT,ARHGAP27,1133,128,1.0,1
HTT,FNBP1L,1133,923,0.99,1
HTT,YWHAH,1133,2636,1.0,1
HTT,TTLL9,1133,2476,1.0,1
HTT,Gtf2e2,1133,1061,0.99,1
HTT,TTLL11,1133,2469,1.0,1
HTT,FLOT2,1133,921,0.99,1
HTT,ANXA4,1133,104,1.0,1
HTT,TTLL4,1133,2471,1.0,1
HTT,CYB5D1,1133,594,0.99,1
HTT,HSPBP1,1133,1130,1.0,1
HTT,HCST,1133,1077,0.99,1
HTT,PRKACA,1133,1823,0.99,1
HTT,TUBB2A,1133,2485,0.99,1
HTT,ARL2BP,1133,139,0.99,1
HTT,HSPB11,1133,1129,1.0,1
HTT,DLC1,1133,665,0.98,1
HTT,TTLL8,1133,2475,1.0,1
HTT,TRIM46,1133,2431,1.0,1
HTT,HAUS1,1133,1067,1.0,1
HTT,TRIM73,1133,2434,0.99,1
HTT,HDDC3,1133,1080,1.0,1
HTT,TTLL5,1133,2472,1.0,1
STRC,HUWE1,2258,1134,0.98,1
STRC,HSP90B1,2258,1123,0.98,1
STRC,HSPA8,2258,1128,0.98,1
STRC,HSPA4L,2258,1126,0.98,1
STRC,HSP90AA1,2258,1120,0.98,1
STRC,HSPA5,2258,1127,0.98,1
STRC,HSPA12B,2258,1124,0.98,1
STRC,HSP90AB1,2258,1122,0.98,1
STRC,HSP90AA5P,2258,1121,0.98,1
STRC,HTT,2258,1133,0.98,1
STRC,HSPA1L,2258,1125,0.98,1
STRC,HSPBP1,2258,1130,0.98,1
STRC,HSPB11,2258,1129,0.98,1
NOTCH1,HUWE1,1581,1134,0.99,1
NOTCH1,HSP90B1,1581,1123,1.0,1
NOTCH1,HSPA8,1581,1128,1.0,1
NOTCH1,HSPA4L,1581,1126,1.0,1
NOTCH1,HSP90AA1,1581,1120,1.0,1
NOTCH1,HSPA5,1581,1127,1.0,1
NOTCH1,HSPA12B,1581,1124,1.0,1
NOTCH1,HSP90AB1,1581,1122,1.0,1
NOTCH1,HTR6,1581,1131,0.98,1
NOTCH1,HSP90AA5P,1581,1121,1.0,1
NOTCH1,HTT,1581,1133,0.99,1
NOTCH1,HSPA1L,1581,1125,1.0,1
NOTCH1,HSPBP1,1581,1130,1.0,1
NOTCH1,HSPB11,1581,1129,1.0,1
EFHC2,HSP90B1,765,1123,0.98,1
EFHC2,HDAC6,765,1079,0.98,1
EFHC2,HCN2,765,1076,0.98,1
EFHC2,HSPA4L,765,1126,0.98,1
EFHC2,HHIP,765,1087,0.98,1
EFHC2,HDA3,765,1078,0.98,1
EFHC2,HSP90AA1,765,1120,0.98,1
EFHC2,HIF1A,765,1088,0.98,1
EFHC2,HAUS5,765,1071,0.98,1
EFHC2,HSPA5,765,1127,0.98,1
EFHC2,HAUS8,765,1074,0.98,1
EFHC2,HAVCR1,765,1075,0.98,1
EFHC2,HSPA12B,765,1124,0.98,1
EFHC2,HSP90AB1,765,1122,0.98,1
EFHC2,HSP90AA5P,765,1121,0.98,1
EFHC2,HSPA1L,765,1125,0.98,1
EFHC2,HAUS7,765,1073,0.98,1
EFHC2,HAUS6,765,1072,0.98,1
EFHC2,HIPK1,765,1089,0.98,1
EFHC2,HCST,765,1077,0.98,1
EFHC2,HDDC3,765,1080,0.98,1
GLI3,HSP90B1,984,1123,1.0,1
GLI3,HSPA8,984,1128,0.98,1
GLI3,HDAC6,984,1079,1.0,1
GLI3,HCN2,984,1076,1.0,1
GLI3,HSPA4L,984,1126,1.0,1
GLI3,HHIP,984,1087,1.0,1
GLI3,HDA3,984,1078,1.0,1
GLI3,HSP90AA1,984,1120,1.0,1
GLI3,HIF1A,984,1088,1.0,1
GLI3,HAUS5,984,1071,1.0,1
GLI3,HSPA5,984,1127,1.0,1
GLI3,HAUS8,984,1074,1.0,1
GLI3,HAVCR1,984,1075,1.0,1
GLI3,HSPA12B,984,1124,1.0,1
GLI3,HAUS4,984,1070,1.0,1
GLI3,HSP90AB1,984,1122,1.0,1
GLI3,HSP90AA5P,984,1121,1.0,1
GLI3,HSPA1L,984,1125,1.0,1
GLI3,HAUS7,984,1073,1.0,1
GLI3,HAUS6,984,1072,1.0,1
GLI3,HIPK1,984,1089,1.0,1
GLI3,HSPBP1,984,1130,0.98,1
GLI3,HCST,984,1077,1.0,1
GLI3,HSPB11,984,1129,0.98,1
GLI3,HDDC3,984,1080,1.0,1
TULP3,HUWE1,2499,1134,0.98,1
TULP3,HSP90B1,2499,1123,0.98,1
TULP3,HSPA8,2499,1128,0.98,1
TULP3,HSPA4L,2499,1126,0.98,1
TULP3,HSP90AA1,2499,1120,0.98,1
TULP3,HSPA5,2499,1127,0.98,1
TULP3,HSPA12B,2499,1124,0.98,1
TULP3,HSP90AB1,2499,1122,0.98,1
TULP3,HSP90AA5P,2499,1121,0.98,1
TULP3,HTT,2499,1133,0.98,1
TULP3,HSPA1L,2499,1125,0.98,1
TULP3,HSPBP1,2499,1130,0.98,1
TULP3,HSPB11,2499,1129,0.98,1
TULP4,HUWE1,2500,1134,0.98,1
TULP4,HSP90B1,2500,1123,0.98,1
TULP4,HSPA8,2500,1128,0.98,1
TULP4,HSPA4L,2500,1126,0.98,1
TULP4,HSP90AA1,2500,1120,0.98,1
TULP4,HSPA5,2500,1127,0.98,1
TULP4,HSPA12B,2500,1124,0.98,1
TULP4,HSP90AB1,2500,1122,0.98,1
TULP4,HSP90AA5P,2500,1121,0.98,1
TULP4,HTT,2500,1133,0.98,1
TULP4,HSPA1L,2500,1125,0.98,1
TULP4,HSPBP1,2500,1130,0.98,1
TULP4,HSPB11,2500,1129,0.98,1
YWHAQ,KIF7,2637,1281,1.0,1
YWHAQ,APP,2637,118,0.99,1
YWHAQ,PANX2,2637,1675,1.0,1
YWHAQ,TTC29,2637,2461,0.99,1
YWHAQ,PALM3,2637,1673,0.99,1
YWHAQ,HUWE1,2637,1134,1.0,1
YWHAQ,TUBA1B,2637,2480,1.0,1
YWHAQ,HSP90B1,2637,1123,1.0,1
YWHAQ,ARF4,2637,121,0.98,1
YWHAQ,PI4K2A,2637,1743,0.98,1
YWHAQ,TUBB4B,2637,2489,0.99,1
YWHAQ,PAX1,2637,1681,0.99,1
YWHAQ,PANX1,2637,1674,0.99,1
YWHAQ,YTHDF2,2637,2632,1.0,1
YWHAQ,TUBGCP2,2637,2492,0.98,1
YWHAQ,PIFO,2637,1746,0.98,1
YWHAQ,TRIM27,2637,2427,1.0,1
YWHAQ,PAFAH1B1,2637,1668,0.98,1
YWHAQ,HSPA8,2637,1128,1.0,1
YWHAQ,PCDHGB2,2637,1691,0.99,1
YWHAQ,HDAC6,2637,1079,0.98,1
YWHAQ,PAXBP1,2637,1682,0.99,1
YWHAQ,CTNNB1,2637,587,0.99,1
YWHAQ,KISS1,2637,1285,0.98,1
YWHAQ,TUBB2B,2637,2486,0.99,1
YWHAQ,KIF5A,2637,1277,1.0,1
YWHAQ,TUBB3,2637,2487,0.99,1
YWHAQ,HSPA4L,2637,1126,1.0,1
YWHAQ,TTC18,2637,2457,0.99,1
YWHAQ,ZBBX,2637,2638,1.0,1
YWHAQ,CSNK2B,2637,573,0.98,1
YWHAQ,TUBB4A,2637,2488,0.99,1
YWHAQ,TRMT61B,2637,2440,0.99,1
YWHAQ,KIFAP3,2637,1283,1.0,1
YWHAQ,HSP90AA1,2637,1120,1.0,1
YWHAQ,TRIM32,2637,2428,1.0,1
YWHAQ,TTLL6,2637,2473,1.0,1
YWHAQ,TSEN2,2637,2446,0.99,1
YWHAQ,YWHAE,2637,2634,1.0,1
YWHAQ,TTC30B,2637,2463,1.0,1
YWHAQ,CTNNAL1,2637,586,0.99,1
YWHAQ,KIF3B,2637,1275,1.0,1
YWHAQ,CTSO,2637,588,0.99,1
YWHAQ,TTLL7,2637,2474,1.0,1
YWHAQ,PCM1,2637,1695,1.0,1
YWHAQ,TRIM71,2637,2433,1.0,1
YWHAQ,KIF3C,2637,1276,1.0,1
YWHAQ,CSNK1A1,2637,568,1.0,1
YWHAQ,PCNT,2637,1697,1.0,1
YWHAQ,HSPA5,2637,1127,1.0,1
YWHAQ,PIH1D3,2637,1751,0.98,1
YWHAQ,PARS2,2637,1680,0.99,1
YWHAQ,CSNK1E,2637,570,1.0,1
YWHAQ,PIBF1,2637,1744,0.98,1
YWHAQ,TRIM41,2637,2430,1.0,1
YWHAQ,PCMTD1,2637,1696,1.0,1
YWHAQ,PARD3,2637,1677,1.0,1
YWHAQ,TRMT5,2637,2438,1.0,1
YWHAQ,TRIM9,2637,2435,1.0,1
YWHAQ,HSPA12B,2637,1124,1.0,1
YWHAQ,PID1,2637,1745,0.98,1
YWHAQ,TUBGCP3,2637,2493,0.98,1
YWHAQ,TUBA1C,2637,2481,1.0,1
YWHAQ,CSNK1G1,2637,571,1.0,1
YWHAQ,HSP90AB1,2637,1122,1.0,1
YWHAQ,KIF6,2637,1280,1.0,1
YWHAQ,KIF5C,2637,1279,1.0,1
YWHAQ,TRMT6,2637,2439,0.99,1
YWHAQ,TRIP11,2637,2436,1.0,1
YWHAQ,TUBE1,2637,2490,0.98,1
YWHAQ,HTR6,2637,1131,0.99,1
YWHAQ,TTC40,2637,2464,1.0,1
YWHAQ,TSPEAR,2637,2450,0.99,1
YWHAQ,APOO,2637,117,0.99,1
YWHAQ,PCDP1,2637,1692,1.0,1
YWHAQ,TTLL10,2637,2468,1.0,1
YWHAQ,TTC26,2637,2460,0.99,1
YWHAQ,TTC30A,2637,2462,1.0,1
YWHAQ,TSTD2,2637,2454,0.99,1
YWHAQ,PIGF,2637,1748,0.98,1
YWHAQ,KIR3DL3,2637,1284,0.99,1
YWHAQ,PIN1,2637,1756,0.98,1
YWHAQ,PCDHB15,2637,1689,0.99,1
YWHAQ,TTLL1,2637,2467,1.0,1
YWHAQ,TTK,2637,2466,1.0,1
YWHAQ,TRPC5,2637,2443,0.99,1
YWHAQ,HTRA2,2637,1132,0.99,1
YWHAQ,HSP90AA5P,2637,1121,1.0,1
YWHAQ,HTT,2637,1133,1.0,1
YWHAQ,TRPV4,2637,2445,0.99,1
YWHAQ,PCDH15,2637,1685,0.99,1
YWHAQ,PIGS,2637,1749,0.98,1
YWHAQ,HSPA1L,2637,1125,1.0,1
YWHAQ,KIF9,2637,1282,1.0,1
YWHAQ,PAPOLA,2637,1676,1.0,1
YWHAQ,TTR,2637,2477,1.0,1
YWHAQ,TUBB,2637,2484,0.99,1
YWHAQ,YTHDF3,2637,2633,1.0,1
YWHAQ,TTC21A,2637,2458,0.99,1
YWHAQ,PCDHA4,2637,1687,0.99,1
YWHAQ,PCGF1,2637,1693,1.0,1
YWHAQ,CSNK2A3,2637,572,1.0,1
YWHAQ,TSPAN31,2637,2449,0.99,1
YWHAQ,PARP15,2637,1679,1.0,1
YWHAQ,PCDHGA1,2637,1690,0.99,1
YWHAQ,TRIM36,2637,2429,1.0,1
YWHAQ,CSNK1D,2637,569,1.0,1
YWHAQ,PBX1,2637,1683,0.99,1
YWHAQ,PIH1D2,2637,1750,0.98,1
YWHAQ,TSNAXIP1,2637,2448,0.99,1
YWHAQ,CTD-2373H9.6,2637,584,0.99,1
YWHAQ,YWHAG,2637,2635,1.0,1
YWHAQ,TTC8,2637,2465,1.0,1
YWHAQ,TRIB2,2637,2426,1.0,1
YWHAQ,PCGF6,2637,1694,1.0,1
YWHAQ,TRPT1,2637,2444,0.99,1
YWHAQ,PAGR1,2637,1669,0.98,1
YWHAQ,TTC12,2637,2456,0.99,1
YWHAQ,PARD6A,2637,1678,1.0,1
YWHAQ,TSSC1,2637,2452,0.99,1
YWHAQ,TRMT12,2637,2437,1.0,1
YWHAQ,TSGA10,2637,2447,0.99,1
YWHAQ,TRIM59,2637,2432,1.0,1
YWHAQ,TUBA1A,2637,2479,1.0,1
YWHAQ,TUBG1,2637,2491,0.98,1
YWHAQ,TROVE2,2637,2442,0.99,1
YWHAQ,CTD-3148I10.1,2637,585,0.99,1
YWHAQ,TUBA3D,2637,2482,0.99,1
YWHAQ,PCDHA8,2637,1688,0.99,1
YWHAQ,ARAF,2637,119,0.99,1
YWHAQ,PIL1,2637,1755,0.98,1
YWHAQ,APOL1,2637,116,0.99,1
YWHAQ,TUBA4A,2637,2483,0.99,1
YWHAQ,TTLL3,2637,2470,1.0,1
YWHAQ,TTC21B,2637,2459,0.99,1
YWHAQ,PCBD2,2637,1684,0.99,1
YWHAQ,TTBK2,2637,2455,0.99,1
YWHAQ,TSSK1B,2637,2453,0.99,1
YWHAQ,TUB,2637,2478,1.0,1
YWHAQ,PCDHA10,2637,1686,0.99,1
YWHAQ,YWHAH,2637,2636,1.0,1
YWHAQ,TTLL9,2637,2476,1.0,1
YWHAQ,TTLL11,2637,2469,1.0,1
YWHAQ,TTLL4,2637,2471,1.0,1
YWHAQ,TSPYL1,2637,2451,0.99,1
YWHAQ,PIGA,2637,1747,0.98,1
YWHAQ,HSPBP1,2637,1130,1.0,1
YWHAQ,TUBB2A,2637,2485,0.99,1
YWHAQ,HSPB11,2637,1129,1.0,1
YWHAQ,TTLL8,2637,2475,1.0,1
YWHAQ,TRIM46,2637,2431,1.0,1
YWHAQ,TRIM73,2637,2434,1.0,1
YWHAQ,HDDC3,2637,1080,0.98,1
YWHAQ,TROAP,2637,2441,0.99,1
YWHAQ,KIF5B,2637,1278,1.0,1
YWHAQ,TTLL5,2637,2472,1.0,1
PAFAH1B1,HSP90B1,1668,1123,0.99,1
PAFAH1B1,HSPA8,1668,1128,0.99,1
PAFAH1B1,HSPA4L,1668,1126,0.99,1
PAFAH1B1,HSP90AA1,1668,1120,0.99,1
PAFAH1B1,HSPA5,1668,1127,0.99,1
PAFAH1B1,HSPA12B,1668,1124,0.99,1
PAFAH1B1,HSP90AB1,1668,1122,0.99,1
PAFAH1B1,HSP90AA5P,1668,1121,0.99,1
PAFAH1B1,HSPA1L,1668,1125,0.99,1
PAFAH1B1,HSPBP1,1668,1130,0.99,1
PAFAH1B1,HSPB11,1668,1129,0.99,1
AKT1,GTF2H1,76,1048,0.99,1
AKT1,DNAH7,76,683,0.99,1
AKT1,HSP90B1,76,1123,1.0,1
AKT1,YTHDF2,76,2632,1.0,1
AKT1,GSTA2,76,1044,1.0,1
AKT1,HSPA8,76,1128,1.0,1
AKT1,GUCA1C,76,1052,0.99,1
AKT1,CTNNB1,76,587,0.99,1
AKT1,DNAI1,76,686,0.99,1
AKT1,DNMT3A,76,700,1.0,1
AKT1,GUCA1B,76,1051,0.99,1
AKT1,GUCA2B,76,1053,0.99,1
AKT1,GSK3B,76,1041,1.0,1
AKT1,GSTM5,76,1046,0.99,1
AKT1,Gsk3b,76,1060,0.99,1
AKT1,HSPA4L,76,1126,1.0,1
AKT1,DNALI1,76,697,1.0,1
AKT1,ZBBX,76,2638,1.0,1
AKT1,GSTM3,76,1045,0.99,1
AKT1,HSP90AA1,76,1120,1.0,1
AKT1,DNAL4,76,696,1.0,1
AKT1,YWHAE,76,2634,1.0,1
AKT1,DNAH5,76,681,0.99,1
AKT1,Gfap,76,1057,0.99,1
AKT1,DNAH3,76,680,0.99,1
AKT1,CTNNAL1,76,586,0.99,1
AKT1,CTSO,76,588,0.99,1
AKT1,DNHD1,76,698,1.0,1
AKT1,Gm4779,76,1058,0.99,1
AKT1,DNAL1,76,695,1.0,1
AKT1,GSN,76,1042,1.0,1
AKT1,CSNK1A1,76,568,1.0,1
AKT1,CSGALNACT1,76,567,1.0,1
AKT1,HSPA5,76,1127,1.0,1
AKT1,GSTA1,76,1043,1.0,1
AKT1,Gm8129,76,1059,0.99,1
AKT1,DNAJC27,76,693,0.99,1
AKT1,CSNK1E,76,570,1.0,1
AKT1,GRXCR1,76,1039,1.0,1
AKT1,GUCY2F,76,1055,0.99,1
AKT1,GSF2,76,1040,1.0,1
AKT1,YWHAQ,76,2637,1.0,1
AKT1,HSPA12B,76,1124,1.0,1
AKT1,DNAJB13,76,690,0.99,1
AKT1,CSNK1G1,76,571,1.0,1
AKT1,DNAJA1,76,688,0.99,1
AKT1,HSP90AB1,76,1122,1.0,1
AKT1,DNAH9,76,685,0.99,1
AKT1,DNAI2,76,687,0.99,1
AKT1,HSP90AA5P,76,1121,1.0,1
AKT1,HSPA1L,76,1125,1.0,1
AKT1,YTHDF3,76,2633,1.0,1
AKT1,DNM2,76,699,1.0,1
AKT1,CSNK2A3,76,572,0.98,1
AKT1,GUCY2D,76,1054,0.99,1
AKT1,CSNK1D,76,569,1.0,1
AKT1,GUCA1A,76,1050,0.99,1
AKT1,DNAH6,76,682,0.99,1
AKT1,GYPA,76,1056,0.99,1
AKT1,YWHAG,76,2635,1.0,1
AKT1,GTT1,76,1049,0.99,1
AKT1,GTF2E1,76,1047,0.99,1
AKT1,CTD-3148I10.1,76,585,0.99,1
AKT1,DNAH8,76,684,0.99,1
AKT1,DNAJC6,76,694,1.0,1
AKT1,YWHAH,76,2636,1.0,1
AKT1,DNAJA4,76,689,0.99,1
AKT1,DNAJC13,76,691,0.99,1
AKT1,Gtf2e2,76,1061,0.99,1
AKT1,HSPBP1,76,1130,1.0,1
AKT1,DNAJC25-GNG10,76,692,0.99,1
AKT1,HSPB11,76,1129,1.0,1
ATP8A2,HSP90B1,182,1123,0.98,1
ATP8A2,HSPA8,182,1128,0.98,1
ATP8A2,HSPA4L,182,1126,0.98,1
ATP8A2,HSP90AA1,182,1120,0.98,1
ATP8A2,HSPA5,182,1127,0.98,1
ATP8A2,HSPA12B,182,1124,0.98,1
ATP8A2,HSP90AB1,182,1122,0.98,1
ATP8A2,HSP90AA5P,182,1121,0.98,1
ATP8A2,HSPA1L,182,1125,0.98,1
ATP8A2,HSPBP1,182,1130,0.98,1
ATP8A2,HSPB11,182,1129,0.98,1
